-- ============================================================
-- Health Insurance Database — Seed data (generated)
-- ============================================================
USE health_insurance_db;

-- policy_plans
INSERT INTO policy_plans (plan_id, plan_name, monthly_premium, annual_reimbursement_cap, deductible) VALUES
(1,'Essentiel',29.9,1500.0,50.0),
(2,'Confort',49.9,3500.0,30.0),
(3,'Premium',89.9,8000.0,0.0),
(4,'Famille+',119.9,12000.0,0.0);

-- care_categories
INSERT INTO care_categories (category_id, category_name, reimbursement_rate) VALUES
(1,'Consultation generaliste',70.0),
(2,'Consultation specialiste',70.0),
(3,'Pharmacie',65.0),
(4,'Dentaire',50.0),
(5,'Optique',60.0),
(6,'Hospitalisation',80.0),
(7,'Analyses laboratoire',60.0),
(8,'Kinesitherapie',60.0);

-- providers
INSERT INTO providers (provider_id, provider_name, specialty, city) VALUES
(1,'Pharmacie Robert','Hopital','Paris'),
(2,'Dr. Vincent','Cardiologue','Nantes'),
(3,'Laboratoire Bernard','Laboratoire d''analyses','Lille'),
(4,'Dr. Dubois','Hopital','Bordeaux'),
(5,'Dr. Leroy','Cardiologue','Nice'),
(6,'Clinique Bernard','Cardiologue','Lille'),
(7,'Laboratoire Bernard','Hopital','Paris'),
(8,'Cabinet Bernard','Laboratoire d''analyses','Marseille'),
(9,'Pharmacie Garcia','Dermatologue','Nice'),
(10,'Dr. Simon','Laboratoire d''analyses','Marseille'),
(11,'Dr. Durand','Pharmacie','Lyon'),
(12,'Laboratoire Dubois','Medecin generaliste','Rennes'),
(13,'Cabinet Bertrand','Laboratoire d''analyses','Bordeaux'),
(14,'Pharmacie David','Kinesitherapeute','Nantes'),
(15,'Pharmacie Leroy','Dermatologue','Lille'),
(16,'Dr. Simon','Laboratoire d''analyses','Strasbourg'),
(17,'Pharmacie David','Ophtalmologue','Rennes'),
(18,'Dr. Thomas','Laboratoire d''analyses','Bordeaux'),
(19,'Cabinet Laurent','Dermatologue','Strasbourg'),
(20,'Clinique Bernard','Cardiologue','Nice'),
(21,'Laboratoire Laurent','Pharmacie','Nantes'),
(22,'Laboratoire Bertrand','Kinesitherapeute','Lyon'),
(23,'Dr. Moreau','Kinesitherapeute','Lyon'),
(24,'Dr. Simon','Kinesitherapeute','Toulouse'),
(25,'Clinique Lefebvre','Medecin generaliste','Strasbourg'),
(26,'Pharmacie Petit','Cardiologue','Strasbourg'),
(27,'Dr. Durand','Ophtalmologue','Marseille'),
(28,'Cabinet Michel','Hopital','Strasbourg'),
(29,'Dr. Petit','Kinesitherapeute','Bordeaux'),
(30,'Laboratoire Moreau','Dermatologue','Bordeaux'),
(31,'Laboratoire Moreau','Hopital','Nantes'),
(32,'Clinique Leroy','Dermatologue','Lyon'),
(33,'Cabinet Robert','Dentiste','Lille'),
(34,'Dr. Bertrand','Dermatologue','Toulouse'),
(35,'Pharmacie Martin','Dermatologue','Bordeaux'),
(36,'Laboratoire Lefebvre','Pharmacie','Marseille'),
(37,'Laboratoire Bernard','Kinesitherapeute','Nice'),
(38,'Clinique Michel','Hopital','Bordeaux'),
(39,'Dr. Bertrand','Hopital','Paris'),
(40,'Cabinet Dubois','Dentiste','Strasbourg');

-- policyholders
INSERT INTO policyholders (policyholder_id, full_name, birth_date, city, email) VALUES
(1,'Chloe Thomas','1971-10-02','Lyon','chloe.thomas1@email.fr'),
(2,'Lucas Robert','1984-02-12','Rennes','lucas.robert2@email.fr'),
(3,'Lucas Dubois','1963-10-13','Marseille','lucas.dubois3@email.fr'),
(4,'Marie Moreau','1972-10-12','Strasbourg','marie.moreau4@email.fr'),
(5,'Lea Thomas','1981-08-16','Strasbourg','lea.thomas5@email.fr'),
(6,'Camille Dubois','1959-02-24','Nantes','camille.dubois6@email.fr'),
(7,'Julien Moreau','1980-12-06','Nice','julien.moreau7@email.fr'),
(8,'Lucas Durand','1983-06-05','Nice','lucas.durand8@email.fr'),
(9,'Lucas Roux','1969-11-28','Lyon','lucas.roux9@email.fr'),
(10,'Sophie Moreau','1983-06-06','Nantes','sophie.moreau10@email.fr'),
(11,'Claire Leroy','1984-09-25','Nice','claire.leroy11@email.fr'),
(12,'Nathan Leroy','1989-04-26','Lille','nathan.leroy12@email.fr'),
(13,'Laura Michel','1997-04-07','Nice','laura.michel13@email.fr'),
(14,'Zoe Lefebvre','1996-01-01','Toulouse','zoe.lefebvre14@email.fr'),
(15,'Zoe Moreau','1962-12-20','Nantes','zoe.moreau15@email.fr'),
(16,'Mathis Lefebvre','1973-02-08','Lyon','mathis.lefebvre16@email.fr'),
(17,'Manon Bertrand','1962-06-07','Strasbourg','manon.bertrand17@email.fr'),
(18,'Eva Martin','1980-11-12','Lyon','eva.martin18@email.fr'),
(19,'Laura Thomas','1974-12-25','Lille','laura.thomas19@email.fr'),
(20,'Zoe Petit','1977-11-11','Lyon','zoe.petit20@email.fr'),
(21,'Antoine Michel','1979-07-24','Lyon','antoine.michel21@email.fr'),
(22,'Julien Petit','1960-03-01','Marseille','julien.petit22@email.fr'),
(23,'Ethan David','2001-11-05','Rennes','ethan.david23@email.fr'),
(24,'Laura Bertrand','1992-06-05','Nice','laura.bertrand24@email.fr'),
(25,'Lola Robert','1951-01-26','Lyon','lola.robert25@email.fr'),
(26,'Noah Robert','1977-04-27','Lille','noah.robert26@email.fr'),
(27,'Lucas Moreau','1963-05-17','Lille','lucas.moreau27@email.fr'),
(28,'Claire Laurent','1966-09-14','Marseille','claire.laurent28@email.fr'),
(29,'Emma Lefebvre','1979-11-19','Nice','emma.lefebvre29@email.fr'),
(30,'Ines Roux','1958-09-05','Nice','ines.roux30@email.fr'),
(31,'Noah Martin','1978-03-20','Paris','noah.martin31@email.fr'),
(32,'Claire Robert','1961-03-16','Rennes','claire.robert32@email.fr'),
(33,'Julien Thomas','1985-01-11','Nice','julien.thomas33@email.fr'),
(34,'Noah Vincent','1980-02-18','Paris','noah.vincent34@email.fr'),
(35,'Manon Durand','1967-01-25','Lyon','manon.durand35@email.fr'),
(36,'Noah David','1985-01-25','Lyon','noah.david36@email.fr'),
(37,'Mathis Laurent','1989-09-20','Nice','mathis.laurent37@email.fr'),
(38,'Jules Moreau','1978-09-18','Strasbourg','jules.moreau38@email.fr'),
(39,'Noah Leroy','1994-09-09','Nice','noah.leroy39@email.fr'),
(40,'Jules David','1958-07-04','Bordeaux','jules.david40@email.fr'),
(41,'Mathis Laurent','1954-11-08','Bordeaux','mathis.laurent41@email.fr'),
(42,'Hugo Durand','1992-05-26','Lyon','hugo.durand42@email.fr'),
(43,'Claire Robert','1995-11-22','Nantes','claire.robert43@email.fr'),
(44,'Louis Moreau','1958-08-08','Lyon','louis.moreau44@email.fr'),
(45,'Theo Bertrand','1960-11-27','Lille','theo.bertrand45@email.fr'),
(46,'Chloe Garcia','1982-07-11','Bordeaux','chloe.garcia46@email.fr'),
(47,'Jules Lefebvre','1970-02-24','Nantes','jules.lefebvre47@email.fr'),
(48,'Lucas Laurent','1985-08-15','Paris','lucas.laurent48@email.fr'),
(49,'Theo Laurent','1983-10-10','Nice','theo.laurent49@email.fr'),
(50,'Hugo Thomas','2000-04-04','Lyon','hugo.thomas50@email.fr'),
(51,'Adam Moreau','1952-03-09','Marseille','adam.moreau51@email.fr'),
(52,'Laura Garcia','1993-05-13','Marseille','laura.garcia52@email.fr'),
(53,'Lola Roux','1986-08-23','Nantes','lola.roux53@email.fr'),
(54,'Hugo Moreau','1953-12-06','Bordeaux','hugo.moreau54@email.fr'),
(55,'Hugo Moreau','1951-11-03','Toulouse','hugo.moreau55@email.fr'),
(56,'Hugo Leroy','1954-05-28','Lyon','hugo.leroy56@email.fr'),
(57,'Mathis Martin','1971-09-14','Toulouse','mathis.martin57@email.fr'),
(58,'Eva Robert','1952-09-23','Lille','eva.robert58@email.fr'),
(59,'Lea Petit','1966-01-06','Lille','lea.petit59@email.fr'),
(60,'Camille Simon','1983-04-10','Strasbourg','camille.simon60@email.fr'),
(61,'Noah Petit','1967-06-26','Paris','noah.petit61@email.fr'),
(62,'Adam Bernard','1950-01-24','Nice','adam.bernard62@email.fr'),
(63,'Lola Durand','1982-08-08','Strasbourg','lola.durand63@email.fr'),
(64,'Lea Garcia','1992-08-18','Bordeaux','lea.garcia64@email.fr'),
(65,'Noah Simon','1994-04-08','Nantes','noah.simon65@email.fr'),
(66,'Jules Robert','1975-06-02','Marseille','jules.robert66@email.fr'),
(67,'Lucas Dubois','1990-12-09','Bordeaux','lucas.dubois67@email.fr'),
(68,'Chloe Bernard','1955-11-27','Bordeaux','chloe.bernard68@email.fr'),
(69,'Maxime Roux','1992-05-20','Lille','maxime.roux69@email.fr'),
(70,'Sophie Simon','1952-08-06','Marseille','sophie.simon70@email.fr'),
(71,'Adam David','1950-05-12','Nantes','adam.david71@email.fr'),
(72,'Lola Laurent','1965-01-10','Lille','lola.laurent72@email.fr'),
(73,'Sarah Petit','1950-06-13','Lyon','sarah.petit73@email.fr'),
(74,'Zoe Moreau','1982-11-07','Lille','zoe.moreau74@email.fr'),
(75,'Noah Martin','1955-05-27','Lyon','noah.martin75@email.fr'),
(76,'Louis Michel','1987-01-13','Paris','louis.michel76@email.fr'),
(77,'Camille Simon','1990-04-03','Rennes','camille.simon77@email.fr'),
(78,'Noah Robert','1992-12-26','Rennes','noah.robert78@email.fr'),
(79,'Theo Laurent','1996-08-05','Toulouse','theo.laurent79@email.fr'),
(80,'Julien Robert','1952-12-17','Bordeaux','julien.robert80@email.fr'),
(81,'Julien Roux','1958-09-25','Nice','julien.roux81@email.fr'),
(82,'Ethan Martin','2002-11-19','Lille','ethan.martin82@email.fr'),
(83,'Hugo Martin','1952-03-21','Nantes','hugo.martin83@email.fr'),
(84,'Lea Michel','1978-09-02','Paris','lea.michel84@email.fr'),
(85,'Marie Vincent','1993-04-16','Toulouse','marie.vincent85@email.fr'),
(86,'Lucas David','2001-02-24','Nice','lucas.david86@email.fr'),
(87,'Lola Dubois','1992-09-03','Strasbourg','lola.dubois87@email.fr'),
(88,'Adam Dubois','1966-04-24','Lille','adam.dubois88@email.fr'),
(89,'Manon David','1981-07-03','Strasbourg','manon.david89@email.fr'),
(90,'Pierre Simon','1999-01-20','Lille','pierre.simon90@email.fr'),
(91,'Hugo Robert','1971-05-21','Toulouse','hugo.robert91@email.fr'),
(92,'Eva Robert','1950-08-02','Strasbourg','eva.robert92@email.fr'),
(93,'Adam Thomas','1994-04-22','Strasbourg','adam.thomas93@email.fr'),
(94,'Camille Roux','1968-08-15','Strasbourg','camille.roux94@email.fr'),
(95,'Claire Thomas','1985-04-10','Lyon','claire.thomas95@email.fr'),
(96,'Zoe Martin','1968-08-03','Nice','zoe.martin96@email.fr'),
(97,'Mathis Moreau','1974-04-07','Lyon','mathis.moreau97@email.fr'),
(98,'Ethan Dubois','1959-12-17','Toulouse','ethan.dubois98@email.fr'),
(99,'Sarah Robert','1988-11-17','Toulouse','sarah.robert99@email.fr'),
(100,'Lea Lefebvre','1964-08-16','Bordeaux','lea.lefebvre100@email.fr'),
(101,'Lucas Petit','1950-08-22','Strasbourg','lucas.petit101@email.fr'),
(102,'Theo Simon','1996-03-14','Nantes','theo.simon102@email.fr'),
(103,'Theo Laurent','1957-06-01','Nantes','theo.laurent103@email.fr'),
(104,'Claire Laurent','1975-02-07','Paris','claire.laurent104@email.fr'),
(105,'Julien Simon','1966-06-03','Bordeaux','julien.simon105@email.fr'),
(106,'Theo Dubois','1973-07-25','Toulouse','theo.dubois106@email.fr'),
(107,'Maxime Bernard','1967-02-02','Toulouse','maxime.bernard107@email.fr'),
(108,'Marie Robert','1965-05-14','Nice','marie.robert108@email.fr'),
(109,'Nathan Durand','1999-06-26','Bordeaux','nathan.durand109@email.fr'),
(110,'Lucas Michel','1985-09-07','Lyon','lucas.michel110@email.fr'),
(111,'Emma Garcia','1978-10-25','Marseille','emma.garcia111@email.fr'),
(112,'Marie Simon','1981-01-18','Marseille','marie.simon112@email.fr'),
(113,'Chloe Bertrand','1976-06-10','Toulouse','chloe.bertrand113@email.fr'),
(114,'Adam Moreau','1975-11-08','Toulouse','adam.moreau114@email.fr'),
(115,'Zoe Vincent','1992-07-04','Marseille','zoe.vincent115@email.fr'),
(116,'Marie Petit','1954-04-17','Strasbourg','marie.petit116@email.fr'),
(117,'Lola Leroy','1978-06-25','Strasbourg','lola.leroy117@email.fr'),
(118,'Ines Robert','1985-04-08','Lyon','ines.robert118@email.fr'),
(119,'Chloe Laurent','1985-02-11','Lille','chloe.laurent119@email.fr'),
(120,'Sarah Moreau','2001-10-07','Paris','sarah.moreau120@email.fr'),
(121,'Julien Garcia','1974-07-24','Nice','julien.garcia121@email.fr'),
(122,'Jules Michel','1967-06-25','Paris','jules.michel122@email.fr'),
(123,'Zoe Moreau','1986-06-05','Nice','zoe.moreau123@email.fr'),
(124,'Noah Durand','1955-05-08','Bordeaux','noah.durand124@email.fr'),
(125,'Theo David','1977-05-28','Paris','theo.david125@email.fr'),
(126,'Louis Bernard','1977-12-25','Strasbourg','louis.bernard126@email.fr'),
(127,'Ethan Bertrand','1950-02-13','Nice','ethan.bertrand127@email.fr'),
(128,'Maxime David','1978-04-26','Lyon','maxime.david128@email.fr'),
(129,'Manon Robert','1959-09-22','Lyon','manon.robert129@email.fr'),
(130,'Laura David','1955-09-25','Paris','laura.david130@email.fr'),
(131,'Lucas Robert','1964-10-02','Toulouse','lucas.robert131@email.fr'),
(132,'Louis Moreau','1983-11-14','Lyon','louis.moreau132@email.fr'),
(133,'Lea Dubois','1969-09-19','Lille','lea.dubois133@email.fr'),
(134,'Theo Moreau','1964-10-01','Paris','theo.moreau134@email.fr'),
(135,'Lola Simon','1979-05-11','Lille','lola.simon135@email.fr'),
(136,'Zoe Roux','1965-09-08','Paris','zoe.roux136@email.fr'),
(137,'Ines Simon','1953-01-07','Strasbourg','ines.simon137@email.fr'),
(138,'Pierre Garcia','1955-05-08','Bordeaux','pierre.garcia138@email.fr'),
(139,'Sarah Leroy','1981-01-23','Nantes','sarah.leroy139@email.fr'),
(140,'Sophie Garcia','1973-11-13','Lille','sophie.garcia140@email.fr'),
(141,'Lucas Simon','1997-09-03','Lille','lucas.simon141@email.fr'),
(142,'Zoe Durand','1969-04-08','Strasbourg','zoe.durand142@email.fr'),
(143,'Manon Moreau','1998-05-04','Rennes','manon.moreau143@email.fr'),
(144,'Zoe Petit','1964-08-14','Paris','zoe.petit144@email.fr'),
(145,'Eva Robert','1975-01-07','Paris','eva.robert145@email.fr'),
(146,'Eva Robert','1976-01-23','Paris','eva.robert146@email.fr'),
(147,'Chloe Michel','1978-12-11','Lyon','chloe.michel147@email.fr'),
(148,'Hugo Petit','1971-04-06','Nice','hugo.petit148@email.fr'),
(149,'Julien David','1952-05-22','Bordeaux','julien.david149@email.fr'),
(150,'Laura Lefebvre','1971-08-06','Lyon','laura.lefebvre150@email.fr'),
(151,'Lucas Dubois','1967-02-12','Bordeaux','lucas.dubois151@email.fr'),
(152,'Lea Vincent','1998-04-13','Nantes','lea.vincent152@email.fr'),
(153,'Claire Simon','2002-07-03','Paris','claire.simon153@email.fr'),
(154,'Sophie Bertrand','1962-06-18','Strasbourg','sophie.bertrand154@email.fr'),
(155,'Jules Laurent','1973-12-16','Paris','jules.laurent155@email.fr'),
(156,'Marie Garcia','1965-11-25','Bordeaux','marie.garcia156@email.fr'),
(157,'Emma Michel','1952-08-03','Paris','emma.michel157@email.fr'),
(158,'Adam Durand','1997-02-20','Nantes','adam.durand158@email.fr'),
(159,'Sarah Moreau','1971-10-02','Toulouse','sarah.moreau159@email.fr'),
(160,'Julien Laurent','1967-05-01','Rennes','julien.laurent160@email.fr'),
(161,'Antoine Dubois','1951-04-04','Strasbourg','antoine.dubois161@email.fr'),
(162,'Sophie David','1999-07-26','Toulouse','sophie.david162@email.fr'),
(163,'Ines Bertrand','1958-08-06','Paris','ines.bertrand163@email.fr'),
(164,'Antoine Simon','2002-12-25','Marseille','antoine.simon164@email.fr'),
(165,'Eva Leroy','1970-06-15','Nantes','eva.leroy165@email.fr'),
(166,'Antoine Dubois','1982-04-13','Marseille','antoine.dubois166@email.fr'),
(167,'Manon Garcia','1954-11-02','Strasbourg','manon.garcia167@email.fr'),
(168,'Lola Vincent','1970-03-14','Lyon','lola.vincent168@email.fr'),
(169,'Hugo Moreau','1989-02-07','Lyon','hugo.moreau169@email.fr'),
(170,'Ines Bertrand','1995-08-06','Lille','ines.bertrand170@email.fr'),
(171,'Louis Garcia','1979-10-22','Lille','louis.garcia171@email.fr'),
(172,'Julien Vincent','1999-11-25','Lyon','julien.vincent172@email.fr'),
(173,'Claire Simon','1968-05-19','Toulouse','claire.simon173@email.fr'),
(174,'Sarah Moreau','1997-05-07','Strasbourg','sarah.moreau174@email.fr'),
(175,'Manon Petit','1965-04-05','Toulouse','manon.petit175@email.fr'),
(176,'Ethan Durand','1970-02-13','Toulouse','ethan.durand176@email.fr'),
(177,'Manon Roux','1983-04-21','Lyon','manon.roux177@email.fr'),
(178,'Marie David','1952-02-01','Strasbourg','marie.david178@email.fr'),
(179,'Laura Leroy','1978-06-02','Toulouse','laura.leroy179@email.fr'),
(180,'Manon Thomas','1953-04-20','Rennes','manon.thomas180@email.fr'),
(181,'Jules Dubois','1973-09-28','Marseille','jules.dubois181@email.fr'),
(182,'Mathis Moreau','1999-11-01','Lyon','mathis.moreau182@email.fr'),
(183,'Marie Lefebvre','1963-01-12','Nantes','marie.lefebvre183@email.fr'),
(184,'Louis Bernard','1963-05-02','Rennes','louis.bernard184@email.fr'),
(185,'Julien Durand','2002-01-27','Nantes','julien.durand185@email.fr'),
(186,'Ines Lefebvre','1961-10-10','Lyon','ines.lefebvre186@email.fr'),
(187,'Jules Bernard','2000-08-18','Strasbourg','jules.bernard187@email.fr'),
(188,'Hugo Garcia','1956-07-22','Nice','hugo.garcia188@email.fr'),
(189,'Louis Vincent','1955-11-06','Bordeaux','louis.vincent189@email.fr'),
(190,'Sophie Moreau','1976-05-22','Toulouse','sophie.moreau190@email.fr'),
(191,'Ines Bernard','1969-12-19','Nantes','ines.bernard191@email.fr'),
(192,'Ines Garcia','1951-06-21','Lille','ines.garcia192@email.fr'),
(193,'Theo Michel','1963-01-14','Marseille','theo.michel193@email.fr'),
(194,'Ines Thomas','2002-02-13','Rennes','ines.thomas194@email.fr'),
(195,'Sarah David','1999-03-05','Paris','sarah.david195@email.fr'),
(196,'Emma Vincent','1959-11-26','Bordeaux','emma.vincent196@email.fr'),
(197,'Hugo Lefebvre','1997-09-06','Marseille','hugo.lefebvre197@email.fr'),
(198,'Sarah Simon','1960-09-06','Lyon','sarah.simon198@email.fr'),
(199,'Lea Michel','1981-04-10','Marseille','lea.michel199@email.fr'),
(200,'Laura Bernard','1980-06-02','Rennes','laura.bernard200@email.fr');

-- policies
INSERT INTO policies (policy_id, policyholder_id, plan_id, start_date, end_date, status) VALUES
(1,1,4,'2022-02-02','2023-01-12','cancelled'),
(2,2,2,'2023-05-28',NULL,'active'),
(3,3,2,'2023-05-17',NULL,'active'),
(4,4,2,'2022-08-02',NULL,'active'),
(5,5,2,'2022-06-15',NULL,'active'),
(6,6,2,'2021-06-03',NULL,'active'),
(7,7,3,'2021-07-17','2022-02-21','cancelled'),
(8,8,2,'2021-11-28','2023-09-05','cancelled'),
(9,9,2,'2022-10-05',NULL,'active'),
(10,10,2,'2021-11-12',NULL,'active'),
(11,11,2,'2022-11-06',NULL,'active'),
(12,12,2,'2021-07-03','2023-05-15','cancelled'),
(13,13,2,'2022-04-03',NULL,'active'),
(14,14,3,'2022-04-15',NULL,'active'),
(15,15,3,'2022-02-14','2022-12-22','cancelled'),
(16,16,2,'2022-01-10','2023-10-04','cancelled'),
(17,17,2,'2022-11-04','2023-09-13','cancelled'),
(18,18,1,'2023-01-22',NULL,'active'),
(19,19,3,'2021-03-23','2023-02-17','cancelled'),
(20,20,3,'2022-10-31',NULL,'active'),
(21,21,1,'2023-05-28','2024-03-15','cancelled'),
(22,22,1,'2022-05-19',NULL,'active'),
(23,23,3,'2023-03-26',NULL,'active'),
(24,24,3,'2021-08-15','2023-02-05','cancelled'),
(25,25,2,'2021-09-16',NULL,'active'),
(26,26,3,'2021-10-09',NULL,'active'),
(27,27,2,'2021-09-18',NULL,'active'),
(28,28,4,'2021-08-02',NULL,'active'),
(29,29,2,'2021-09-01',NULL,'active'),
(30,30,1,'2021-07-06',NULL,'active'),
(31,31,2,'2021-10-12',NULL,'active'),
(32,32,3,'2021-06-22',NULL,'active'),
(33,33,1,'2023-02-26',NULL,'active'),
(34,34,2,'2022-01-04',NULL,'active'),
(35,35,2,'2022-06-18',NULL,'active'),
(36,36,3,'2021-04-18',NULL,'active'),
(37,37,2,'2023-05-28',NULL,'active'),
(38,38,3,'2021-09-29',NULL,'active'),
(39,39,2,'2021-05-30',NULL,'active'),
(40,40,3,'2022-03-29',NULL,'active'),
(41,41,2,'2021-02-19',NULL,'active'),
(42,42,2,'2021-11-14',NULL,'active'),
(43,43,4,'2022-08-23',NULL,'active'),
(44,44,3,'2023-01-21','2023-08-23','cancelled'),
(45,45,1,'2021-10-25',NULL,'active'),
(46,46,2,'2022-06-09',NULL,'active'),
(47,47,1,'2022-05-16',NULL,'active'),
(48,48,2,'2021-01-23','2022-07-20','cancelled'),
(49,49,1,'2022-06-20',NULL,'active'),
(50,50,1,'2022-08-21',NULL,'active'),
(51,51,1,'2022-01-11',NULL,'active'),
(52,52,2,'2021-05-18','2022-07-21','cancelled'),
(53,53,3,'2022-04-07','2023-03-01','cancelled'),
(54,54,3,'2023-03-12',NULL,'active'),
(55,55,3,'2021-01-12','2022-07-04','cancelled'),
(56,56,2,'2022-08-16',NULL,'active'),
(57,57,4,'2023-01-22',NULL,'active'),
(58,58,1,'2021-01-01','2021-07-25','cancelled'),
(59,59,2,'2021-09-01',NULL,'active'),
(60,60,4,'2021-04-18','2022-05-04','cancelled'),
(61,61,1,'2021-07-24',NULL,'active'),
(62,62,2,'2022-10-26',NULL,'active'),
(63,63,3,'2021-06-28',NULL,'active'),
(64,64,1,'2022-10-03','2024-08-02','cancelled'),
(65,65,3,'2021-01-07',NULL,'active'),
(66,66,2,'2022-04-22','2024-01-25','cancelled'),
(67,67,1,'2021-04-18',NULL,'active'),
(68,68,2,'2021-05-07',NULL,'active'),
(69,69,3,'2022-12-13',NULL,'active'),
(70,70,1,'2021-02-23',NULL,'active'),
(71,71,2,'2022-03-23',NULL,'active'),
(72,72,4,'2021-09-29',NULL,'active'),
(73,73,4,'2021-08-11','2023-07-11','cancelled'),
(74,74,1,'2021-09-24',NULL,'active'),
(75,75,3,'2021-07-27',NULL,'active'),
(76,76,3,'2021-12-01',NULL,'active'),
(77,77,2,'2022-09-08',NULL,'active'),
(78,78,4,'2022-10-08',NULL,'active'),
(79,79,4,'2023-05-12',NULL,'active'),
(80,80,2,'2023-05-10',NULL,'active'),
(81,81,1,'2021-01-28',NULL,'active'),
(82,82,3,'2022-08-08',NULL,'active'),
(83,83,3,'2022-02-05',NULL,'active'),
(84,84,1,'2021-06-25','2022-01-18','cancelled'),
(85,85,1,'2022-09-29',NULL,'active'),
(86,86,1,'2021-05-26',NULL,'active'),
(87,87,1,'2021-05-22',NULL,'active'),
(88,88,2,'2022-12-15','2023-07-30','cancelled'),
(89,89,1,'2022-08-28',NULL,'active'),
(90,90,1,'2023-04-20',NULL,'active'),
(91,91,2,'2023-06-20',NULL,'active'),
(92,92,4,'2022-01-29','2023-02-23','cancelled'),
(93,93,1,'2021-02-04','2021-10-31','cancelled'),
(94,94,3,'2022-10-09',NULL,'active'),
(95,95,2,'2021-05-16','2022-06-09','cancelled'),
(96,96,1,'2021-12-11',NULL,'active'),
(97,97,1,'2021-09-20',NULL,'active'),
(98,98,1,'2023-02-18',NULL,'active'),
(99,99,1,'2022-09-09',NULL,'active'),
(100,100,3,'2022-09-26',NULL,'active'),
(101,101,3,'2021-02-01',NULL,'active'),
(102,102,3,'2021-12-22',NULL,'active'),
(103,103,1,'2022-08-03',NULL,'active'),
(104,104,3,'2021-04-04',NULL,'active'),
(105,105,1,'2022-03-23','2023-04-13','cancelled'),
(106,106,1,'2023-02-08',NULL,'active'),
(107,107,1,'2022-05-18','2023-05-21','cancelled'),
(108,108,4,'2022-08-30',NULL,'active'),
(109,109,3,'2021-09-24',NULL,'active'),
(110,110,1,'2023-04-15',NULL,'active'),
(111,111,2,'2022-05-26',NULL,'active'),
(112,112,4,'2023-02-25','2023-12-09','cancelled'),
(113,113,2,'2021-12-31','2023-08-07','cancelled'),
(114,114,3,'2023-02-03','2023-08-27','cancelled'),
(115,115,2,'2021-11-07',NULL,'active'),
(116,116,4,'2022-05-29',NULL,'active'),
(117,117,4,'2022-10-08',NULL,'active'),
(118,118,2,'2022-06-29',NULL,'active'),
(119,119,2,'2022-09-12',NULL,'active'),
(120,120,1,'2021-12-01',NULL,'active'),
(121,121,3,'2022-04-07',NULL,'active'),
(122,122,3,'2021-06-23',NULL,'active'),
(123,123,2,'2021-09-21',NULL,'active'),
(124,124,1,'2022-04-19',NULL,'active'),
(125,125,2,'2022-06-04',NULL,'active'),
(126,126,1,'2022-12-22',NULL,'active'),
(127,127,2,'2023-01-11',NULL,'active'),
(128,128,1,'2021-12-01',NULL,'active'),
(129,129,1,'2021-08-30',NULL,'active'),
(130,130,1,'2023-01-17',NULL,'active'),
(131,131,1,'2022-11-05','2024-05-31','cancelled'),
(132,132,1,'2021-06-01',NULL,'active'),
(133,133,3,'2022-03-22',NULL,'active'),
(134,134,1,'2021-04-20',NULL,'active'),
(135,135,3,'2022-04-21','2023-11-30','cancelled'),
(136,136,3,'2022-03-24',NULL,'active'),
(137,137,2,'2022-10-10',NULL,'active'),
(138,138,1,'2021-09-21',NULL,'active'),
(139,139,2,'2023-01-29',NULL,'active'),
(140,140,3,'2022-12-19',NULL,'active'),
(141,141,3,'2022-03-08',NULL,'active'),
(142,142,2,'2022-10-31',NULL,'active'),
(143,143,3,'2022-12-18',NULL,'active'),
(144,144,1,'2021-07-05',NULL,'active'),
(145,145,2,'2021-11-17',NULL,'active'),
(146,146,3,'2022-03-06',NULL,'active'),
(147,147,2,'2022-12-31',NULL,'active'),
(148,148,1,'2022-03-10',NULL,'active'),
(149,149,1,'2023-05-30',NULL,'active'),
(150,150,2,'2023-06-13',NULL,'active'),
(151,151,2,'2023-03-08',NULL,'active'),
(152,152,4,'2021-04-19','2022-05-27','cancelled'),
(153,153,1,'2023-03-12',NULL,'active'),
(154,154,1,'2021-12-23','2023-10-01','cancelled'),
(155,155,2,'2023-01-05',NULL,'active'),
(156,156,1,'2023-03-23',NULL,'active'),
(157,157,2,'2022-02-25',NULL,'active'),
(158,158,2,'2022-12-02',NULL,'active'),
(159,159,2,'2021-05-06',NULL,'active'),
(160,160,2,'2022-10-15','2024-01-18','cancelled'),
(161,161,2,'2021-03-04','2022-11-02','cancelled'),
(162,162,4,'2022-10-06',NULL,'active'),
(163,163,2,'2021-09-29','2023-02-01','cancelled'),
(164,164,3,'2022-06-24',NULL,'active'),
(165,165,4,'2022-02-06',NULL,'active'),
(166,166,1,'2023-03-07','2024-03-18','cancelled'),
(167,167,2,'2022-07-30',NULL,'active'),
(168,168,3,'2021-05-30',NULL,'active'),
(169,169,2,'2023-04-19',NULL,'active'),
(170,170,2,'2021-10-29',NULL,'active'),
(171,171,2,'2023-03-10',NULL,'active'),
(172,172,2,'2023-05-22',NULL,'active'),
(173,173,3,'2022-12-05',NULL,'active'),
(174,174,2,'2021-07-10',NULL,'active'),
(175,175,3,'2023-03-30',NULL,'active'),
(176,176,1,'2021-11-06',NULL,'active'),
(177,177,2,'2022-10-01',NULL,'active'),
(178,178,2,'2022-01-07',NULL,'active'),
(179,179,1,'2022-01-30','2023-06-26','cancelled'),
(180,180,3,'2021-05-24',NULL,'active'),
(181,181,1,'2022-08-20','2023-02-27','cancelled'),
(182,182,1,'2021-03-15',NULL,'active'),
(183,183,1,'2021-04-14',NULL,'active'),
(184,184,3,'2021-07-10',NULL,'active'),
(185,185,1,'2021-06-06',NULL,'active'),
(186,186,2,'2022-07-02',NULL,'active'),
(187,187,3,'2022-09-15',NULL,'active'),
(188,188,1,'2022-07-16',NULL,'active'),
(189,189,3,'2021-07-22',NULL,'active'),
(190,190,1,'2021-03-22',NULL,'active'),
(191,191,2,'2021-04-30',NULL,'active'),
(192,192,1,'2021-08-28',NULL,'active'),
(193,193,2,'2022-07-25','2024-05-13','cancelled'),
(194,194,4,'2022-12-19',NULL,'active'),
(195,195,2,'2022-07-07',NULL,'active'),
(196,196,3,'2021-06-14',NULL,'active'),
(197,197,2,'2022-07-31',NULL,'active'),
(198,198,1,'2022-04-22',NULL,'active'),
(199,199,2,'2022-11-24','2024-05-26','cancelled'),
(200,200,2,'2021-01-30','2021-09-13','cancelled');

-- dependents
INSERT INTO dependents (dependent_id, policy_id, full_name, birth_date, relationship) VALUES
(1,1,'Nathan Thomas','2023-08-25','child'),
(2,1,'Emma Durand','2000-07-21','spouse'),
(3,1,'Nathan Thomas','1997-06-11','spouse'),
(4,19,'Nathan Garcia','2016-09-02','child'),
(5,23,'Theo Laurent','2016-09-12','child'),
(6,28,'Jules Laurent','2017-03-19','child'),
(7,36,'Theo Vincent','1980-09-19','spouse'),
(8,38,'Lea Martin','2009-04-27','child'),
(9,43,'Emma Roux','2020-10-05','child'),
(10,43,'Pierre Dubois','2014-01-22','child'),
(11,43,'Mathis Petit','2011-11-06','child'),
(12,54,'Lucas Lefebvre','2012-05-18','child'),
(13,57,'Ines Bernard','1975-01-14','spouse'),
(14,57,'Marie Bernard','2023-10-17','child'),
(15,60,'Claire Garcia','1991-12-13','spouse'),
(16,65,'Eva Robert','2023-07-18','child'),
(17,69,'Zoe Durand','2012-11-01','child'),
(18,72,'Lucas Thomas','1960-04-28','spouse'),
(19,72,'Louis Bertrand','1956-05-24','spouse'),
(20,73,'Mathis Petit','1958-06-25','spouse'),
(21,73,'Sophie Robert','2010-05-21','child'),
(22,73,'Sophie Bertrand','2022-11-09','child'),
(23,76,'Lucas Bernard','1955-11-22','spouse'),
(24,78,'Theo Simon','1974-12-20','spouse'),
(25,78,'Maxime Bertrand','1993-01-11','spouse'),
(26,78,'Ethan David','2023-11-06','child'),
(27,79,'Sarah Petit','1995-07-16','spouse'),
(28,92,'Nathan Simon','2016-01-20','child'),
(29,92,'Sophie Laurent','2008-03-20','child'),
(30,102,'Pierre Michel','2015-08-10','child'),
(31,108,'Adam Garcia','2013-10-27','child'),
(32,108,'Camille Robert','1991-03-09','spouse'),
(33,112,'Claire Bertrand','2019-09-03','child'),
(34,112,'Lola Bertrand','2020-04-26','child'),
(35,112,'Manon Simon','2009-11-13','child'),
(36,116,'Ethan Martin','2020-08-18','child'),
(37,117,'Antoine Lefebvre','2010-04-13','child'),
(38,141,'Hugo Petit','1999-05-12','spouse'),
(39,152,'Manon Bernard','1986-06-28','spouse'),
(40,152,'Sarah David','1960-03-11','spouse'),
(41,152,'Lucas Lefebvre','2016-09-20','child'),
(42,162,'Emma Durand','1991-08-19','spouse'),
(43,165,'Ines Thomas','2022-10-27','child'),
(44,165,'Louis Moreau','2009-06-07','child'),
(45,175,'Lola Lefebvre','2000-08-16','spouse'),
(46,187,'Marie Michel','2011-12-03','child'),
(47,189,'Manon Dubois','2020-03-15','child'),
(48,194,'Manon Leroy','2013-01-09','child');

-- claims
INSERT INTO claims (claim_id, policy_id, dependent_id, provider_id, category_id, care_date, submitted_date, billed_amount, status, rejection_reason) VALUES
(1,13,NULL,17,8,'2024-01-01','2024-01-04',26.65,'paid',NULL),
(2,2,NULL,13,5,'2024-01-01','2024-01-09',269.75,'paid',NULL),
(3,121,NULL,21,6,'2024-01-01','2024-01-03',1474.07,'paid',NULL),
(4,62,NULL,10,1,'2024-01-01','2024-01-05',30.37,'paid',NULL),
(5,57,14,9,8,'2024-01-01','2024-01-08',61.38,'paid',NULL),
(6,20,NULL,29,6,'2024-01-02','2024-01-06',1582.23,'paid',NULL),
(7,94,NULL,10,6,'2024-01-02','2024-01-03',1415.72,'paid',NULL),
(8,142,NULL,10,8,'2024-01-02','2024-01-07',58.02,'paid',NULL),
(9,40,NULL,2,5,'2024-01-02','2024-01-07',265.62,'paid',NULL),
(10,67,NULL,32,2,'2024-01-02','2024-01-10',52.49,'paid',NULL),
(11,144,NULL,31,5,'2024-01-03','2024-01-07',166.22,'paid',NULL),
(12,67,NULL,16,4,'2024-01-03','2024-01-08',96.88,'paid',NULL),
(13,186,NULL,19,3,'2024-01-04','2024-01-05',53.29,'paid',NULL),
(14,74,NULL,12,6,'2024-01-05','2024-01-12',1768.16,'paid',NULL),
(15,47,NULL,9,3,'2024-01-05','2024-01-09',38.21,'paid',NULL),
(16,51,NULL,39,2,'2024-01-06','2024-01-16',80.59,'paid',NULL),
(17,71,NULL,12,4,'2024-01-06','2024-01-10',102.09,'paid',NULL),
(18,3,NULL,5,7,'2024-01-06','2024-01-07',65.01,'paid',NULL),
(19,86,NULL,19,8,'2024-01-06','2024-01-13',27.98,'paid',NULL),
(20,123,NULL,9,5,'2024-01-06','2024-01-16',194.63,'paid',NULL),
(21,148,NULL,39,1,'2024-01-07','2024-01-15',27.29,'paid',NULL),
(22,31,NULL,23,4,'2024-01-07','2024-01-13',191.78,'paid',NULL),
(23,98,NULL,37,1,'2024-01-07','2024-01-09',25.52,'paid',NULL),
(24,127,NULL,29,1,'2024-01-07','2024-01-16',32.09,'paid',NULL),
(25,23,5,11,2,'2024-01-07','2024-01-16',52.16,'paid',NULL),
(26,5,NULL,7,4,'2024-01-07','2024-01-17',118.51,'paid',NULL),
(27,134,NULL,16,8,'2024-01-07','2024-01-09',28.46,'paid',NULL),
(28,70,NULL,8,8,'2024-01-08','2024-01-17',43.5,'paid',NULL),
(29,29,NULL,8,2,'2024-01-08','2024-01-11',57.31,'paid',NULL),
(30,59,NULL,10,8,'2024-01-08','2024-01-11',53.24,'paid',NULL),
(31,100,NULL,27,1,'2024-01-08','2024-01-09',28.38,'paid',NULL),
(32,103,NULL,16,6,'2024-01-08','2024-01-18',2230.62,'paid',NULL),
(33,14,NULL,21,3,'2024-01-09','2024-01-15',52.61,'paid',NULL),
(34,170,NULL,1,6,'2024-01-09','2024-01-12',1229.89,'paid',NULL),
(35,130,NULL,2,4,'2024-01-09','2024-01-16',102.4,'paid',NULL),
(36,11,NULL,3,5,'2024-01-09','2024-01-19',341.94,'paid',NULL),
(37,10,NULL,40,2,'2024-01-10','2024-01-19',48.78,'rejected','Prestataire hors reseau'),
(38,11,NULL,19,2,'2024-01-10','2024-01-13',51.8,'paid',NULL),
(39,69,17,29,2,'2024-01-11','2024-01-16',63.14,'paid',NULL),
(40,74,NULL,18,4,'2024-01-11','2024-01-20',181.14,'paid',NULL),
(41,157,NULL,37,4,'2024-01-11','2024-01-15',169.85,'paid',NULL),
(42,118,NULL,36,5,'2024-01-11','2024-01-19',274.82,'paid',NULL),
(43,63,NULL,22,4,'2024-01-11','2024-01-20',108.92,'paid',NULL),
(44,102,30,11,4,'2024-01-11','2024-01-17',126.76,'paid',NULL),
(45,56,NULL,19,1,'2024-01-11','2024-01-14',38.73,'paid',NULL),
(46,90,NULL,29,1,'2024-01-11','2024-01-19',31.72,'paid',NULL),
(47,196,NULL,7,4,'2024-01-11','2024-01-14',214.59,'paid',NULL),
(48,91,NULL,9,4,'2024-01-11','2024-01-16',165.35,'paid',NULL),
(49,25,NULL,31,5,'2024-01-12','2024-01-15',312.69,'paid',NULL),
(50,2,NULL,27,2,'2024-01-12','2024-01-22',62.38,'paid',NULL),
(51,72,NULL,39,2,'2024-01-12','2024-01-20',55.88,'paid',NULL),
(52,186,NULL,23,5,'2024-01-12','2024-01-21',217.65,'paid',NULL),
(53,191,NULL,32,7,'2024-01-13','2024-01-16',47.54,'paid',NULL),
(54,38,NULL,25,4,'2024-01-13','2024-01-19',95.61,'paid',NULL),
(55,156,NULL,16,6,'2024-01-13','2024-01-20',1387.11,'paid',NULL),
(56,13,NULL,17,8,'2024-01-13','2024-01-22',36.04,'paid',NULL),
(57,159,NULL,28,7,'2024-01-14','2024-01-20',45.14,'paid',NULL),
(58,90,NULL,29,1,'2024-01-14','2024-01-23',36.1,'paid',NULL),
(59,96,NULL,33,7,'2024-01-14','2024-01-24',56.54,'paid',NULL),
(60,108,NULL,29,6,'2024-01-14','2024-01-16',2191.1,'paid',NULL),
(61,80,NULL,33,3,'2024-01-15','2024-01-20',24.65,'paid',NULL),
(62,131,NULL,27,3,'2024-01-15','2024-01-24',38.29,'paid',NULL),
(63,49,NULL,27,3,'2024-01-15','2024-01-25',22.99,'paid',NULL),
(64,91,NULL,37,1,'2024-01-15','2024-01-16',36.52,'paid',NULL),
(65,182,NULL,36,1,'2024-01-15','2024-01-22',42.72,'paid',NULL),
(66,151,NULL,1,1,'2024-01-16','2024-01-24',22.91,'paid',NULL),
(67,146,NULL,18,3,'2024-01-16','2024-01-23',39.96,'paid',NULL),
(68,41,NULL,34,2,'2024-01-16','2024-01-18',36.6,'paid',NULL),
(69,126,NULL,30,7,'2024-01-16','2024-01-17',63.49,'paid',NULL),
(70,198,NULL,38,6,'2024-01-16','2024-01-20',1287.48,'paid',NULL),
(71,9,NULL,18,2,'2024-01-16','2024-01-26',82.26,'paid',NULL),
(72,14,NULL,15,7,'2024-01-17','2024-01-18',53.64,'paid',NULL),
(73,62,NULL,16,4,'2024-01-17','2024-01-27',89.81,'paid',NULL),
(74,2,NULL,30,5,'2024-01-17','2024-01-22',232.04,'paid',NULL),
(75,18,NULL,16,7,'2024-01-17','2024-01-27',57.7,'paid',NULL),
(76,103,NULL,32,1,'2024-01-18','2024-01-22',39.3,'rejected','Plafond annuel de remboursement atteint'),
(77,98,NULL,12,1,'2024-01-18','2024-01-23',44.22,'paid',NULL),
(78,30,NULL,22,7,'2024-01-18','2024-01-20',42.78,'paid',NULL),
(79,142,NULL,16,7,'2024-01-19','2024-01-24',36.41,'paid',NULL),
(80,9,NULL,18,1,'2024-01-19','2024-01-22',26.89,'paid',NULL),
(81,34,NULL,6,4,'2024-01-20','2024-01-23',119.6,'paid',NULL),
(82,62,NULL,11,6,'2024-01-20','2024-01-27',1632.32,'paid',NULL),
(83,54,12,33,4,'2024-01-20','2024-01-28',114.0,'paid',NULL),
(84,67,NULL,39,8,'2024-01-20','2024-01-26',47.12,'paid',NULL),
(85,104,NULL,39,4,'2024-01-20','2024-01-22',100.57,'paid',NULL),
(86,139,NULL,18,7,'2024-01-20','2024-01-30',29.26,'paid',NULL),
(87,4,NULL,25,2,'2024-01-20','2024-01-24',73.21,'paid',NULL),
(88,28,6,33,5,'2024-01-20','2024-01-25',182.42,'paid',NULL),
(89,104,NULL,30,3,'2024-01-21','2024-01-24',51.91,'rejected','Soin non couvert par le contrat'),
(90,170,NULL,23,7,'2024-01-21','2024-01-29',29.11,'paid',NULL),
(91,103,NULL,23,2,'2024-01-21','2024-01-23',44.99,'rejected','Plafond annuel de remboursement atteint'),
(92,156,NULL,15,1,'2024-01-21','2024-01-31',28.63,'paid',NULL),
(93,51,NULL,20,3,'2024-01-21','2024-01-22',33.56,'paid',NULL),
(94,162,NULL,12,4,'2024-01-21','2024-01-30',159.26,'paid',NULL),
(95,172,NULL,37,6,'2024-01-22','2024-01-24',2593.86,'paid',NULL),
(96,168,NULL,19,1,'2024-01-22','2024-02-01',41.57,'paid',NULL),
(97,63,NULL,8,1,'2024-01-22','2024-01-26',39.26,'paid',NULL),
(98,192,NULL,6,7,'2024-01-22','2024-01-29',58.57,'paid',NULL),
(99,57,13,23,7,'2024-01-22','2024-01-28',47.47,'paid',NULL),
(100,177,NULL,29,1,'2024-01-22','2024-01-26',36.11,'paid',NULL),
(101,33,NULL,32,4,'2024-01-22','2024-01-31',89.77,'paid',NULL),
(102,61,NULL,35,5,'2024-01-23','2024-01-24',194.93,'paid',NULL),
(103,106,NULL,6,4,'2024-01-23','2024-01-26',168.02,'paid',NULL),
(104,125,NULL,31,4,'2024-01-23','2024-01-24',177.14,'paid',NULL),
(105,35,NULL,23,5,'2024-01-23','2024-01-26',169.35,'paid',NULL),
(106,86,NULL,8,7,'2024-01-23','2024-01-26',61.46,'paid',NULL),
(107,119,NULL,26,4,'2024-01-23','2024-01-28',99.11,'rejected','Document justificatif manquant'),
(108,72,NULL,8,5,'2024-01-24','2024-01-26',238.56,'paid',NULL),
(109,120,NULL,37,6,'2024-01-24','2024-02-02',1527.68,'paid',NULL),
(110,120,NULL,32,2,'2024-01-24','2024-01-30',76.1,'paid',NULL),
(111,68,NULL,7,8,'2024-01-24','2024-02-01',61.33,'paid',NULL),
(112,83,NULL,1,6,'2024-01-24','2024-01-29',2567.27,'paid',NULL),
(113,63,NULL,6,3,'2024-01-25','2024-01-26',45.67,'paid',NULL),
(114,38,8,34,3,'2024-01-25','2024-01-30',24.37,'paid',NULL),
(115,98,NULL,12,6,'2024-01-25','2024-01-31',1578.26,'paid',NULL),
(116,65,16,7,7,'2024-01-25','2024-01-29',67.83,'paid',NULL),
(117,188,NULL,11,5,'2024-01-25','2024-01-27',272.58,'paid',NULL),
(118,42,NULL,9,8,'2024-01-26','2024-02-02',49.02,'paid',NULL),
(119,123,NULL,13,4,'2024-01-26','2024-01-27',179.43,'rejected','Soin non couvert par le contrat'),
(120,131,NULL,28,3,'2024-01-26','2024-01-27',30.35,'paid',NULL),
(121,3,NULL,12,3,'2024-01-27','2024-01-28',33.5,'paid',NULL),
(122,173,NULL,23,4,'2024-01-27','2024-02-05',145.89,'paid',NULL),
(123,110,NULL,35,3,'2024-01-27','2024-02-06',53.15,'paid',NULL),
(124,186,NULL,22,5,'2024-01-28','2024-02-04',264.31,'paid',NULL),
(125,169,NULL,9,5,'2024-01-28','2024-02-06',330.36,'paid',NULL),
(126,49,NULL,15,8,'2024-01-28','2024-01-31',51.12,'paid',NULL),
(127,143,NULL,38,7,'2024-01-28','2024-02-01',43.84,'paid',NULL),
(128,67,NULL,8,4,'2024-01-28','2024-02-01',107.83,'paid',NULL),
(129,167,NULL,7,4,'2024-01-29','2024-02-03',154.06,'paid',NULL),
(130,142,NULL,30,4,'2024-01-29','2024-01-31',155.44,'paid',NULL),
(131,146,NULL,6,7,'2024-01-29','2024-02-06',57.9,'paid',NULL),
(132,141,NULL,8,2,'2024-01-29','2024-02-05',60.3,'paid',NULL),
(133,145,NULL,31,2,'2024-01-29','2024-02-08',42.52,'paid',NULL),
(134,13,NULL,24,1,'2024-01-29','2024-02-08',17.92,'paid',NULL),
(135,118,NULL,20,2,'2024-01-30','2024-02-06',73.91,'paid',NULL),
(136,145,NULL,8,6,'2024-01-30','2024-02-05',1327.21,'paid',NULL),
(137,175,45,8,4,'2024-01-30','2024-02-08',133.24,'paid',NULL),
(138,126,NULL,3,6,'2024-01-30','2024-02-08',1214.41,'paid',NULL),
(139,29,NULL,3,4,'2024-01-30','2024-02-03',117.61,'paid',NULL),
(140,149,NULL,29,2,'2024-01-30','2024-02-07',78.51,'paid',NULL),
(141,67,NULL,12,3,'2024-01-30','2024-02-04',39.29,'paid',NULL),
(142,151,NULL,17,5,'2024-01-31','2024-02-01',348.73,'rejected','Prestataire hors reseau'),
(143,125,NULL,33,8,'2024-01-31','2024-02-01',58.11,'paid',NULL),
(144,166,NULL,39,7,'2024-01-31','2024-02-03',65.09,'paid',NULL),
(145,101,NULL,15,2,'2024-01-31','2024-02-09',54.85,'paid',NULL),
(146,151,NULL,40,1,'2024-02-01','2024-02-07',23.31,'paid',NULL),
(147,85,NULL,37,8,'2024-02-01','2024-02-07',39.43,'paid',NULL),
(148,59,NULL,2,4,'2024-02-02','2024-02-12',144.64,'paid',NULL),
(149,187,NULL,18,7,'2024-02-02','2024-02-11',40.03,'paid',NULL),
(150,146,NULL,37,3,'2024-02-02','2024-02-03',53.74,'paid',NULL),
(151,25,NULL,13,7,'2024-02-02','2024-02-04',55.86,'paid',NULL),
(152,61,NULL,10,2,'2024-02-03','2024-02-09',51.72,'paid',NULL),
(153,63,NULL,23,7,'2024-02-03','2024-02-09',42.71,'paid',NULL),
(154,124,NULL,33,6,'2024-02-03','2024-02-07',2525.43,'paid',NULL),
(155,35,NULL,14,1,'2024-02-03','2024-02-11',41.94,'paid',NULL),
(156,146,NULL,20,3,'2024-02-03','2024-02-06',40.36,'paid',NULL),
(157,65,NULL,36,6,'2024-02-03','2024-02-07',1171.28,'paid',NULL),
(158,91,NULL,30,6,'2024-02-04','2024-02-11',2651.42,'paid',NULL),
(159,125,NULL,21,3,'2024-02-04','2024-02-09',30.1,'paid',NULL),
(160,43,NULL,16,1,'2024-02-04','2024-02-11',23.5,'paid',NULL),
(161,129,NULL,7,4,'2024-02-05','2024-02-06',115.91,'paid',NULL),
(162,13,NULL,6,2,'2024-02-05','2024-02-15',79.52,'paid',NULL),
(163,2,NULL,13,5,'2024-02-05','2024-02-06',258.13,'paid',NULL),
(164,167,NULL,32,7,'2024-02-06','2024-02-12',54.83,'paid',NULL),
(165,23,NULL,22,8,'2024-02-07','2024-02-14',62.53,'paid',NULL),
(166,4,NULL,2,6,'2024-02-07','2024-02-13',1980.83,'paid',NULL),
(167,182,NULL,22,3,'2024-02-07','2024-02-10',24.08,'paid',NULL),
(168,136,NULL,6,6,'2024-02-07','2024-02-14',2393.13,'paid',NULL),
(169,151,NULL,36,3,'2024-02-07','2024-02-17',42.69,'paid',NULL),
(170,190,NULL,40,5,'2024-02-07','2024-02-15',318.96,'paid',NULL),
(171,166,NULL,20,8,'2024-02-07','2024-02-13',46.03,'paid',NULL),
(172,71,NULL,9,5,'2024-02-07','2024-02-15',141.99,'paid',NULL),
(173,59,NULL,26,2,'2024-02-08','2024-02-18',86.53,'paid',NULL),
(174,140,NULL,33,4,'2024-02-08','2024-02-11',157.29,'paid',NULL),
(175,94,NULL,10,3,'2024-02-08','2024-02-11',49.74,'paid',NULL),
(176,182,NULL,16,8,'2024-02-09','2024-02-17',62.32,'paid',NULL),
(177,100,NULL,30,4,'2024-02-09','2024-02-10',126.75,'paid',NULL),
(178,4,NULL,5,7,'2024-02-09','2024-02-15',57.67,'paid',NULL),
(179,97,NULL,15,1,'2024-02-10','2024-02-15',24.43,'paid',NULL),
(180,62,NULL,15,6,'2024-02-10','2024-02-17',1385.29,'paid',NULL),
(181,128,NULL,14,3,'2024-02-11','2024-02-16',36.75,'paid',NULL),
(182,35,NULL,20,5,'2024-02-11','2024-02-12',159.46,'paid',NULL),
(183,42,NULL,21,8,'2024-02-11','2024-02-12',32.66,'paid',NULL),
(184,189,NULL,29,3,'2024-02-11','2024-02-14',35.35,'paid',NULL),
(185,176,NULL,2,2,'2024-02-11','2024-02-12',43.36,'paid',NULL),
(186,78,26,23,2,'2024-02-11','2024-02-19',76.32,'paid',NULL),
(187,87,NULL,26,6,'2024-02-11','2024-02-12',2666.42,'paid',NULL),
(188,10,NULL,9,4,'2024-02-12','2024-02-14',159.88,'paid',NULL),
(189,82,NULL,5,2,'2024-02-12','2024-02-20',41.63,'paid',NULL),
(190,110,NULL,1,3,'2024-02-12','2024-02-21',28.39,'paid',NULL),
(191,189,NULL,8,6,'2024-02-12','2024-02-14',2435.3,'paid',NULL),
(192,188,NULL,5,5,'2024-02-12','2024-02-13',294.79,'paid',NULL),
(193,51,NULL,33,1,'2024-02-13','2024-02-22',28.72,'paid',NULL),
(194,11,NULL,30,5,'2024-02-14','2024-02-21',260.74,'paid',NULL),
(195,191,NULL,18,7,'2024-02-14','2024-02-23',46.57,'paid',NULL),
(196,100,NULL,25,7,'2024-02-14','2024-02-15',63.37,'paid',NULL),
(197,178,NULL,40,7,'2024-02-14','2024-02-18',71.6,'paid',NULL),
(198,159,NULL,3,1,'2024-02-15','2024-02-24',28.66,'paid',NULL),
(199,166,NULL,29,6,'2024-02-15','2024-02-25',1801.57,'rejected','Soin non couvert par le contrat'),
(200,166,NULL,31,6,'2024-02-15','2024-02-22',2027.28,'paid',NULL),
(201,191,NULL,25,6,'2024-02-15','2024-02-22',2225.09,'paid',NULL),
(202,157,NULL,21,2,'2024-02-15','2024-02-24',69.59,'paid',NULL),
(203,196,NULL,17,5,'2024-02-15','2024-02-23',339.92,'paid',NULL),
(204,134,NULL,38,8,'2024-02-15','2024-02-18',46.47,'paid',NULL),
(205,136,NULL,11,6,'2024-02-16','2024-02-19',1443.76,'paid',NULL),
(206,118,NULL,12,1,'2024-02-16','2024-02-22',26.35,'paid',NULL),
(207,110,NULL,8,7,'2024-02-16','2024-02-21',34.77,'paid',NULL),
(208,94,NULL,23,5,'2024-02-16','2024-02-18',239.62,'paid',NULL),
(209,115,NULL,8,8,'2024-02-17','2024-02-20',48.93,'paid',NULL),
(210,2,NULL,9,6,'2024-02-17','2024-02-21',1856.48,'paid',NULL),
(211,143,NULL,13,1,'2024-02-18','2024-02-19',33.19,'paid',NULL),
(212,184,NULL,35,5,'2024-02-18','2024-02-23',341.72,'paid',NULL),
(213,127,NULL,6,4,'2024-02-19','2024-02-24',100.94,'paid',NULL),
(214,184,NULL,29,7,'2024-02-19','2024-02-24',44.16,'paid',NULL),
(215,166,NULL,39,5,'2024-02-19','2024-02-26',217.52,'rejected','Plafond annuel de remboursement atteint'),
(216,183,NULL,38,6,'2024-02-20','2024-02-24',1154.54,'paid',NULL),
(217,21,NULL,29,7,'2024-02-20','2024-02-27',45.3,'paid',NULL),
(218,165,NULL,2,2,'2024-02-20','2024-02-28',67.6,'paid',NULL),
(219,122,NULL,12,2,'2024-02-20','2024-02-28',59.19,'paid',NULL),
(220,3,NULL,15,4,'2024-02-20','2024-02-21',137.02,'paid',NULL),
(221,142,NULL,22,7,'2024-02-21','2024-02-23',61.87,'paid',NULL),
(222,20,NULL,37,1,'2024-02-21','2024-02-23',20.3,'paid',NULL),
(223,145,NULL,30,1,'2024-02-21','2024-02-25',40.16,'paid',NULL),
(224,141,NULL,27,3,'2024-02-21','2024-02-22',53.94,'paid',NULL),
(225,83,NULL,22,4,'2024-02-21','2024-02-22',152.4,'paid',NULL),
(226,71,NULL,34,5,'2024-02-21','2024-02-28',159.06,'paid',NULL),
(227,108,NULL,20,5,'2024-02-22','2024-02-29',194.67,'paid',NULL),
(228,139,NULL,17,5,'2024-02-22','2024-02-23',184.44,'paid',NULL),
(229,96,NULL,30,8,'2024-02-22','2024-02-25',51.83,'paid',NULL),
(230,117,NULL,36,1,'2024-02-23','2024-02-24',37.55,'paid',NULL),
(231,145,NULL,21,1,'2024-02-23','2024-03-02',25.02,'paid',NULL),
(232,182,NULL,14,8,'2024-02-23','2024-03-02',40.13,'paid',NULL),
(233,47,NULL,28,2,'2024-02-23','2024-02-25',37.69,'paid',NULL),
(234,185,NULL,36,3,'2024-02-24','2024-02-29',37.44,'paid',NULL),
(235,137,NULL,11,3,'2024-02-24','2024-02-28',46.66,'paid',NULL),
(236,25,NULL,13,2,'2024-02-24','2024-03-02',87.3,'paid',NULL),
(237,176,NULL,28,3,'2024-02-25','2024-02-28',49.65,'paid',NULL),
(238,115,NULL,19,4,'2024-02-25','2024-03-02',199.46,'paid',NULL),
(239,40,NULL,20,5,'2024-02-25','2024-02-29',211.37,'paid',NULL),
(240,171,NULL,15,7,'2024-02-25','2024-03-02',70.86,'paid',NULL),
(241,178,NULL,6,4,'2024-02-26','2024-02-29',145.31,'paid',NULL),
(242,103,NULL,8,1,'2024-02-26','2024-02-28',40.28,'rejected','Plafond annuel de remboursement atteint'),
(243,54,NULL,34,2,'2024-02-26','2024-03-03',50.99,'rejected','Document justificatif manquant'),
(244,125,NULL,18,5,'2024-02-27','2024-03-07',271.51,'paid',NULL),
(245,36,NULL,15,5,'2024-02-27','2024-03-08',147.13,'paid',NULL),
(246,89,NULL,13,3,'2024-02-27','2024-02-28',42.67,'paid',NULL),
(247,90,NULL,29,8,'2024-02-27','2024-03-04',34.02,'paid',NULL),
(248,77,NULL,5,8,'2024-02-27','2024-03-07',28.18,'paid',NULL),
(249,42,NULL,39,7,'2024-02-27','2024-02-28',48.3,'rejected','Soin non couvert par le contrat'),
(250,25,NULL,27,3,'2024-02-27','2024-03-04',34.71,'paid',NULL),
(251,170,NULL,6,6,'2024-02-28','2024-03-07',1058.17,'paid',NULL),
(252,25,NULL,7,4,'2024-02-28','2024-03-07',99.45,'paid',NULL),
(253,31,NULL,21,8,'2024-02-28','2024-03-09',33.97,'paid',NULL),
(254,94,NULL,13,5,'2024-02-29','2024-03-04',228.82,'paid',NULL),
(255,187,NULL,33,4,'2024-02-29','2024-03-01',201.56,'paid',NULL),
(256,126,NULL,37,4,'2024-02-29','2024-03-04',174.94,'paid',NULL),
(257,109,NULL,26,2,'2024-03-01','2024-03-03',51.06,'paid',NULL),
(258,56,NULL,15,4,'2024-03-01','2024-03-10',162.58,'paid',NULL),
(259,63,NULL,5,6,'2024-03-01','2024-03-02',2671.87,'paid',NULL),
(260,178,NULL,12,5,'2024-03-01','2024-03-09',215.26,'paid',NULL),
(261,3,NULL,21,7,'2024-03-02','2024-03-03',62.61,'paid',NULL),
(262,38,NULL,11,3,'2024-03-02','2024-03-05',47.32,'paid',NULL),
(263,176,NULL,22,2,'2024-03-02','2024-03-10',89.85,'rejected','Soin non couvert par le contrat'),
(264,85,NULL,5,2,'2024-03-02','2024-03-03',45.95,'paid',NULL),
(265,184,NULL,23,3,'2024-03-03','2024-03-11',47.51,'paid',NULL),
(266,128,NULL,9,5,'2024-03-03','2024-03-08',322.25,'paid',NULL),
(267,120,NULL,38,3,'2024-03-03','2024-03-12',35.37,'paid',NULL),
(268,137,NULL,8,2,'2024-03-04','2024-03-09',88.27,'paid',NULL),
(269,62,NULL,13,8,'2024-03-04','2024-03-12',46.12,'paid',NULL),
(270,170,NULL,26,6,'2024-03-05','2024-03-12',2412.52,'paid',NULL),
(271,168,NULL,22,7,'2024-03-05','2024-03-06',62.89,'paid',NULL),
(272,5,NULL,8,8,'2024-03-05','2024-03-15',40.62,'paid',NULL),
(273,86,NULL,35,4,'2024-03-05','2024-03-12',94.97,'paid',NULL),
(274,9,NULL,19,6,'2024-03-06','2024-03-11',1195.16,'paid',NULL),
(275,170,NULL,35,4,'2024-03-06','2024-03-07',99.93,'rejected','Plafond annuel de remboursement atteint'),
(276,86,NULL,10,6,'2024-03-07','2024-03-13',1326.24,'paid',NULL),
(277,101,NULL,20,8,'2024-03-07','2024-03-16',36.76,'paid',NULL),
(278,49,NULL,11,7,'2024-03-07','2024-03-08',51.2,'paid',NULL),
(279,63,NULL,30,5,'2024-03-07','2024-03-09',302.05,'paid',NULL),
(280,193,NULL,33,7,'2024-03-07','2024-03-12',33.94,'paid',NULL),
(281,132,NULL,40,6,'2024-03-08','2024-03-13',1782.76,'paid',NULL),
(282,182,NULL,25,1,'2024-03-08','2024-03-16',42.45,'paid',NULL),
(283,178,NULL,2,1,'2024-03-08','2024-03-10',41.57,'paid',NULL),
(284,39,NULL,39,8,'2024-03-09','2024-03-15',25.85,'paid',NULL),
(285,2,NULL,18,3,'2024-03-09','2024-03-19',27.19,'paid',NULL),
(286,101,NULL,12,5,'2024-03-09','2024-03-13',278.01,'paid',NULL),
(287,108,NULL,27,2,'2024-03-10','2024-03-17',79.27,'paid',NULL),
(288,177,NULL,18,6,'2024-03-10','2024-03-20',1317.09,'paid',NULL),
(289,137,NULL,23,3,'2024-03-10','2024-03-11',27.63,'paid',NULL),
(290,190,NULL,34,3,'2024-03-10','2024-03-11',43.49,'paid',NULL),
(291,178,NULL,12,5,'2024-03-11','2024-03-19',208.07,'paid',NULL),
(292,104,NULL,7,5,'2024-03-11','2024-03-17',219.59,'paid',NULL),
(293,69,17,33,7,'2024-03-11','2024-03-17',56.03,'paid',NULL),
(294,194,NULL,36,7,'2024-03-11','2024-03-16',61.12,'paid',NULL),
(295,102,NULL,19,2,'2024-03-11','2024-03-12',49.28,'paid',NULL),
(296,146,NULL,20,6,'2024-03-12','2024-03-18',2043.54,'paid',NULL),
(297,18,NULL,36,2,'2024-03-12','2024-03-19',76.46,'paid',NULL),
(298,166,NULL,12,2,'2024-03-13','2024-03-20',77.6,'rejected','Plafond annuel de remboursement atteint'),
(299,191,NULL,22,7,'2024-03-13','2024-03-19',45.27,'paid',NULL),
(300,183,NULL,10,7,'2024-03-13','2024-03-18',57.45,'paid',NULL),
(301,175,45,5,1,'2024-03-13','2024-03-17',40.93,'paid',NULL),
(302,147,NULL,18,3,'2024-03-14','2024-03-18',25.99,'paid',NULL),
(303,9,NULL,25,5,'2024-03-14','2024-03-21',168.88,'paid',NULL),
(304,183,NULL,5,5,'2024-03-14','2024-03-18',273.69,'paid',NULL),
(305,174,NULL,37,2,'2024-03-14','2024-03-23',54.78,'paid',NULL),
(306,118,NULL,9,8,'2024-03-15','2024-03-16',35.09,'paid',NULL),
(307,143,NULL,39,1,'2024-03-15','2024-03-23',18.59,'paid',NULL),
(308,76,NULL,22,6,'2024-03-15','2024-03-19',1925.64,'paid',NULL),
(309,54,12,15,3,'2024-03-15','2024-03-24',21.94,'paid',NULL),
(310,162,42,38,2,'2024-03-16','2024-03-25',57.01,'paid',NULL),
(311,171,NULL,4,6,'2024-03-16','2024-03-22',2636.21,'paid',NULL),
(312,35,NULL,28,8,'2024-03-17','2024-03-27',61.81,'paid',NULL),
(313,158,NULL,13,2,'2024-03-17','2024-03-22',57.16,'paid',NULL),
(314,189,NULL,2,8,'2024-03-17','2024-03-21',54.43,'paid',NULL),
(315,144,NULL,19,1,'2024-03-17','2024-03-27',42.8,'paid',NULL),
(316,91,NULL,14,7,'2024-03-17','2024-03-26',28.57,'paid',NULL),
(317,91,NULL,11,6,'2024-03-18','2024-03-23',2685.92,'paid',NULL),
(318,45,NULL,23,7,'2024-03-18','2024-03-26',67.56,'paid',NULL),
(319,28,NULL,24,8,'2024-03-18','2024-03-20',43.21,'paid',NULL),
(320,82,NULL,31,3,'2024-03-18','2024-03-27',49.05,'paid',NULL),
(321,100,NULL,14,6,'2024-03-18','2024-03-19',1465.7,'paid',NULL),
(322,133,NULL,28,7,'2024-03-19','2024-03-26',35.08,'paid',NULL),
(323,29,NULL,14,7,'2024-03-19','2024-03-21',29.21,'paid',NULL),
(324,83,NULL,22,8,'2024-03-21','2024-03-25',43.15,'rejected','Prestataire hors reseau'),
(325,91,NULL,25,2,'2024-03-21','2024-03-24',40.39,'rejected','Plafond annuel de remboursement atteint'),
(326,117,NULL,29,2,'2024-03-21','2024-03-22',66.36,'paid',NULL),
(327,103,NULL,16,8,'2024-03-22','2024-03-30',51.14,'rejected','Plafond annuel de remboursement atteint'),
(328,31,NULL,32,7,'2024-03-22','2024-03-26',30.76,'paid',NULL),
(329,2,NULL,26,4,'2024-03-22','2024-03-23',167.67,'paid',NULL),
(330,10,NULL,30,1,'2024-03-22','2024-03-26',28.55,'paid',NULL),
(331,106,NULL,17,1,'2024-03-23','2024-03-24',21.72,'paid',NULL),
(332,27,NULL,7,3,'2024-03-23','2024-04-01',25.73,'paid',NULL),
(333,132,NULL,21,2,'2024-03-23','2024-03-30',63.04,'paid',NULL),
(334,143,NULL,6,2,'2024-03-23','2024-04-01',73.83,'paid',NULL),
(335,102,NULL,36,4,'2024-03-24','2024-04-02',87.18,'paid',NULL),
(336,54,12,28,2,'2024-03-24','2024-03-26',68.7,'paid',NULL),
(337,174,NULL,7,2,'2024-03-24','2024-03-26',75.16,'paid',NULL),
(338,38,NULL,37,6,'2024-03-25','2024-03-26',2318.5,'paid',NULL),
(339,30,NULL,39,4,'2024-03-25','2024-04-02',152.66,'paid',NULL),
(340,148,NULL,14,2,'2024-03-25','2024-03-26',85.21,'paid',NULL),
(341,172,NULL,9,7,'2024-03-26','2024-03-27',63.25,'paid',NULL),
(342,35,NULL,17,5,'2024-03-26','2024-03-27',326.18,'paid',NULL),
(343,42,NULL,29,3,'2024-03-26','2024-04-03',53.37,'paid',NULL),
(344,193,NULL,21,5,'2024-03-26','2024-03-27',316.8,'paid',NULL),
(345,85,NULL,1,4,'2024-03-27','2024-03-29',201.46,'paid',NULL),
(346,10,NULL,21,7,'2024-03-27','2024-04-02',55.59,'paid',NULL),
(347,118,NULL,11,4,'2024-03-28','2024-04-06',154.08,'paid',NULL),
(348,133,NULL,6,4,'2024-03-28','2024-03-29',112.78,'paid',NULL),
(349,184,NULL,8,3,'2024-03-28','2024-04-07',41.15,'paid',NULL),
(350,191,NULL,19,7,'2024-03-28','2024-04-02',38.93,'paid',NULL),
(351,177,NULL,14,5,'2024-03-28','2024-04-07',276.02,'paid',NULL),
(352,20,NULL,5,2,'2024-03-29','2024-03-31',64.46,'paid',NULL),
(353,143,NULL,8,8,'2024-03-29','2024-04-07',49.46,'paid',NULL),
(354,197,NULL,29,3,'2024-03-29','2024-04-03',50.7,'paid',NULL),
(355,177,NULL,12,8,'2024-03-29','2024-03-31',62.59,'paid',NULL),
(356,83,NULL,14,1,'2024-03-30','2024-04-03',28.17,'paid',NULL),
(357,90,NULL,22,5,'2024-03-30','2024-04-03',277.48,'paid',NULL),
(358,41,NULL,38,5,'2024-03-30','2024-04-02',285.47,'paid',NULL),
(359,25,NULL,4,7,'2024-03-30','2024-04-01',39.17,'paid',NULL),
(360,34,NULL,23,6,'2024-03-31','2024-04-03',1944.6,'paid',NULL),
(361,189,47,11,2,'2024-03-31','2024-04-03',82.98,'paid',NULL),
(362,196,NULL,2,4,'2024-03-31','2024-04-04',169.62,'paid',NULL),
(363,94,NULL,16,8,'2024-03-31','2024-04-01',34.62,'paid',NULL),
(364,97,NULL,24,4,'2024-04-01','2024-04-09',121.2,'paid',NULL),
(365,29,NULL,30,8,'2024-04-01','2024-04-03',28.11,'paid',NULL),
(366,45,NULL,15,7,'2024-04-01','2024-04-03',47.37,'paid',NULL),
(367,62,NULL,22,1,'2024-04-02','2024-04-06',19.47,'paid',NULL),
(368,56,NULL,37,7,'2024-04-02','2024-04-09',32.84,'paid',NULL),
(369,134,NULL,11,6,'2024-04-02','2024-04-04',1400.43,'paid',NULL),
(370,118,NULL,9,2,'2024-04-03','2024-04-09',79.37,'paid',NULL),
(371,170,NULL,24,2,'2024-04-03','2024-04-11',41.58,'rejected','Plafond annuel de remboursement atteint'),
(372,47,NULL,33,1,'2024-04-03','2024-04-12',34.76,'paid',NULL),
(373,165,NULL,3,4,'2024-04-03','2024-04-13',185.98,'paid',NULL),
(374,38,NULL,21,1,'2024-04-03','2024-04-09',41.08,'paid',NULL),
(375,118,NULL,6,8,'2024-04-04','2024-04-05',32.85,'paid',NULL),
(376,50,NULL,20,6,'2024-04-04','2024-04-06',2012.45,'paid',NULL),
(377,43,10,15,2,'2024-04-04','2024-04-13',61.24,'paid',NULL),
(378,126,NULL,14,4,'2024-04-05','2024-04-13',109.4,'paid',NULL),
(379,117,37,3,7,'2024-04-05','2024-04-12',35.81,'paid',NULL),
(380,146,NULL,24,3,'2024-04-05','2024-04-06',28.87,'paid',NULL),
(381,67,NULL,39,8,'2024-04-05','2024-04-14',42.79,'paid',NULL),
(382,31,NULL,18,7,'2024-04-06','2024-04-09',34.56,'paid',NULL),
(383,149,NULL,21,1,'2024-04-06','2024-04-13',22.11,'paid',NULL),
(384,150,NULL,29,7,'2024-04-06','2024-04-16',39.14,'paid',NULL),
(385,39,NULL,18,7,'2024-04-06','2024-04-13',32.17,'paid',NULL),
(386,5,NULL,19,2,'2024-04-07','2024-04-10',50.89,'paid',NULL),
(387,136,NULL,25,5,'2024-04-07','2024-04-16',317.55,'paid',NULL),
(388,63,NULL,32,6,'2024-04-07','2024-04-16',2532.97,'paid',NULL),
(389,98,NULL,12,5,'2024-04-08','2024-04-15',281.56,'paid',NULL),
(390,174,NULL,5,1,'2024-04-09','2024-04-17',34.67,'paid',NULL),
(391,3,NULL,29,8,'2024-04-09','2024-04-12',37.59,'paid',NULL),
(392,111,NULL,6,4,'2024-04-10','2024-04-17',155.62,'paid',NULL),
(393,189,NULL,25,8,'2024-04-11','2024-04-14',54.02,'paid',NULL),
(394,56,NULL,18,2,'2024-04-11','2024-04-14',36.96,'paid',NULL),
(395,150,NULL,30,6,'2024-04-12','2024-04-18',2001.98,'paid',NULL),
(396,81,NULL,12,8,'2024-04-13','2024-04-16',51.19,'paid',NULL),
(397,162,NULL,36,4,'2024-04-13','2024-04-23',167.77,'paid',NULL),
(398,42,NULL,5,8,'2024-04-14','2024-04-24',57.21,'paid',NULL),
(399,153,NULL,35,7,'2024-04-14','2024-04-19',59.93,'rejected','Prestataire hors reseau'),
(400,45,NULL,6,4,'2024-04-15','2024-04-19',84.52,'paid',NULL);

INSERT INTO claims (claim_id, policy_id, dependent_id, provider_id, category_id, care_date, submitted_date, billed_amount, status, rejection_reason) VALUES
(401,30,NULL,6,2,'2024-04-16','2024-04-19',88.35,'paid',NULL),
(402,134,NULL,23,6,'2024-04-16','2024-04-24',1531.42,'paid',NULL),
(403,22,NULL,17,3,'2024-04-17','2024-04-19',29.76,'paid',NULL),
(404,187,NULL,33,8,'2024-04-18','2024-04-28',29.93,'paid',NULL),
(405,14,NULL,10,7,'2024-04-18','2024-04-19',44.95,'paid',NULL),
(406,121,NULL,7,2,'2024-04-19','2024-04-23',67.24,'paid',NULL),
(407,120,NULL,15,2,'2024-04-19','2024-04-27',80.37,'paid',NULL),
(408,56,NULL,7,8,'2024-04-20','2024-04-25',33.78,'paid',NULL),
(409,137,NULL,22,1,'2024-04-20','2024-04-21',18.35,'paid',NULL),
(410,75,NULL,14,8,'2024-04-20','2024-04-23',48.17,'paid',NULL),
(411,170,NULL,17,3,'2024-04-20','2024-04-24',26.19,'rejected','Plafond annuel de remboursement atteint'),
(412,87,NULL,20,7,'2024-04-20','2024-04-25',41.88,'rejected','Plafond annuel de remboursement atteint'),
(413,156,NULL,21,2,'2024-04-20','2024-04-26',51.14,'paid',NULL),
(414,45,NULL,16,8,'2024-04-20','2024-04-26',25.66,'paid',NULL),
(415,130,NULL,34,6,'2024-04-20','2024-04-28',2181.52,'paid',NULL),
(416,20,NULL,7,2,'2024-04-21','2024-04-28',69.31,'paid',NULL),
(417,172,NULL,33,4,'2024-04-21','2024-04-29',143.35,'paid',NULL),
(418,198,NULL,24,8,'2024-04-21','2024-04-27',54.52,'paid',NULL),
(419,72,18,5,8,'2024-04-22','2024-04-23',50.84,'paid',NULL),
(420,193,NULL,22,7,'2024-04-22','2024-04-25',50.87,'paid',NULL),
(421,184,NULL,4,1,'2024-04-22','2024-04-25',25.42,'paid',NULL),
(422,81,NULL,11,7,'2024-04-23','2024-04-26',35.44,'paid',NULL),
(423,32,NULL,16,8,'2024-04-24','2024-04-26',61.91,'paid',NULL),
(424,185,NULL,25,8,'2024-04-24','2024-04-27',33.22,'paid',NULL),
(425,74,NULL,30,7,'2024-04-24','2024-04-27',59.51,'paid',NULL),
(426,87,NULL,16,1,'2024-04-26','2024-05-04',24.52,'rejected','Plafond annuel de remboursement atteint'),
(427,39,NULL,40,6,'2024-04-26','2024-05-02',1567.18,'paid',NULL),
(428,108,31,15,6,'2024-04-26','2024-05-01',1067.19,'paid',NULL),
(429,59,NULL,21,5,'2024-04-26','2024-05-01',348.91,'paid',NULL),
(430,101,NULL,25,5,'2024-04-27','2024-05-01',164.25,'rejected','Soin non couvert par le contrat'),
(431,106,NULL,37,4,'2024-04-27','2024-04-28',191.84,'paid',NULL),
(432,194,48,17,6,'2024-04-27','2024-05-02',1678.11,'paid',NULL),
(433,183,NULL,22,1,'2024-04-27','2024-04-30',27.0,'paid',NULL),
(434,191,NULL,35,1,'2024-04-28','2024-05-07',39.32,'paid',NULL),
(435,121,NULL,30,4,'2024-04-28','2024-05-04',180.29,'paid',NULL),
(436,31,NULL,21,1,'2024-04-28','2024-04-29',42.33,'paid',NULL),
(437,158,NULL,5,8,'2024-04-28','2024-05-02',53.03,'paid',NULL),
(438,103,NULL,20,8,'2024-04-29','2024-05-04',61.23,'rejected','Plafond annuel de remboursement atteint'),
(439,148,NULL,31,6,'2024-04-29','2024-05-04',2534.45,'paid',NULL),
(440,151,NULL,34,2,'2024-04-30','2024-05-07',61.62,'rejected','Soin non couvert par le contrat'),
(441,59,NULL,14,4,'2024-04-30','2024-05-06',131.83,'paid',NULL),
(442,32,NULL,37,1,'2024-05-01','2024-05-11',30.19,'paid',NULL),
(443,34,NULL,28,2,'2024-05-01','2024-05-06',45.11,'paid',NULL),
(444,191,NULL,39,1,'2024-05-02','2024-05-09',23.52,'paid',NULL),
(445,164,NULL,5,7,'2024-05-02','2024-05-07',36.88,'paid',NULL),
(446,188,NULL,12,8,'2024-05-02','2024-05-11',45.55,'rejected','Prestataire hors reseau'),
(447,155,NULL,25,3,'2024-05-03','2024-05-12',27.05,'paid',NULL),
(448,29,NULL,37,6,'2024-05-03','2024-05-04',1138.14,'paid',NULL),
(449,183,NULL,14,8,'2024-05-04','2024-05-13',60.41,'paid',NULL),
(450,162,NULL,2,7,'2024-05-04','2024-05-09',34.0,'paid',NULL),
(451,108,32,4,2,'2024-05-04','2024-05-10',77.56,'paid',NULL),
(452,192,NULL,16,5,'2024-05-04','2024-05-07',191.06,'paid',NULL),
(453,150,NULL,8,8,'2024-05-04','2024-05-08',51.92,'paid',NULL),
(454,109,NULL,33,1,'2024-05-05','2024-05-06',30.93,'paid',NULL),
(455,144,NULL,27,3,'2024-05-06','2024-05-09',31.56,'paid',NULL),
(456,140,NULL,22,7,'2024-05-06','2024-05-10',61.73,'paid',NULL),
(457,42,NULL,27,6,'2024-05-06','2024-05-11',2070.05,'paid',NULL),
(458,56,NULL,29,2,'2024-05-06','2024-05-16',42.84,'paid',NULL),
(459,76,23,29,8,'2024-05-06','2024-05-11',42.71,'paid',NULL),
(460,121,NULL,38,3,'2024-05-06','2024-05-10',37.51,'paid',NULL),
(461,26,NULL,23,7,'2024-05-08','2024-05-15',42.77,'paid',NULL),
(462,147,NULL,36,1,'2024-05-08','2024-05-16',18.65,'paid',NULL),
(463,162,NULL,26,7,'2024-05-08','2024-05-11',55.27,'paid',NULL),
(464,192,NULL,1,3,'2024-05-09','2024-05-16',41.68,'paid',NULL),
(465,147,NULL,15,6,'2024-05-09','2024-05-12',2371.74,'paid',NULL),
(466,167,NULL,12,5,'2024-05-09','2024-05-10',165.39,'paid',NULL),
(467,94,NULL,34,1,'2024-05-10','2024-05-19',27.12,'paid',NULL),
(468,164,NULL,31,2,'2024-05-11','2024-05-18',53.29,'paid',NULL),
(469,67,NULL,2,6,'2024-05-11','2024-05-13',2370.02,'paid',NULL),
(470,138,NULL,1,5,'2024-05-11','2024-05-16',336.08,'paid',NULL),
(471,20,NULL,13,4,'2024-05-12','2024-05-15',91.85,'paid',NULL),
(472,57,14,8,2,'2024-05-12','2024-05-21',87.08,'paid',NULL),
(473,198,NULL,10,7,'2024-05-12','2024-05-13',64.85,'paid',NULL),
(474,187,NULL,6,3,'2024-05-12','2024-05-17',40.7,'rejected','Prestataire hors reseau'),
(475,42,NULL,8,1,'2024-05-12','2024-05-15',18.1,'paid',NULL),
(476,42,NULL,7,3,'2024-05-13','2024-05-19',27.52,'paid',NULL),
(477,51,NULL,24,2,'2024-05-13','2024-05-20',88.85,'paid',NULL),
(478,173,NULL,12,3,'2024-05-14','2024-05-17',26.94,'paid',NULL),
(479,189,NULL,29,1,'2024-05-14','2024-05-23',39.04,'paid',NULL),
(480,4,NULL,29,8,'2024-05-15','2024-05-25',58.43,'paid',NULL),
(481,102,NULL,10,1,'2024-05-15','2024-05-24',42.66,'paid',NULL),
(482,45,NULL,25,3,'2024-05-15','2024-05-16',43.79,'paid',NULL),
(483,180,NULL,33,1,'2024-05-15','2024-05-21',40.72,'paid',NULL),
(484,49,NULL,37,7,'2024-05-15','2024-05-22',60.05,'paid',NULL),
(485,158,NULL,11,6,'2024-05-16','2024-05-20',2526.81,'paid',NULL),
(486,171,NULL,40,1,'2024-05-16','2024-05-22',44.75,'paid',NULL),
(487,144,NULL,17,6,'2024-05-16','2024-05-25',1311.45,'paid',NULL),
(488,22,NULL,32,1,'2024-05-16','2024-05-18',21.6,'paid',NULL),
(489,76,NULL,28,1,'2024-05-16','2024-05-19',19.9,'paid',NULL),
(490,30,NULL,39,7,'2024-05-16','2024-05-21',47.44,'paid',NULL),
(491,115,NULL,24,2,'2024-05-16','2024-05-21',36.96,'paid',NULL),
(492,67,NULL,18,6,'2024-05-16','2024-05-25',1389.39,'rejected','Plafond annuel de remboursement atteint'),
(493,110,NULL,37,5,'2024-05-17','2024-05-23',240.37,'paid',NULL),
(494,192,NULL,10,5,'2024-05-18','2024-05-27',151.78,'paid',NULL),
(495,91,NULL,25,4,'2024-05-18','2024-05-27',118.28,'rejected','Document justificatif manquant'),
(496,23,5,14,8,'2024-05-19','2024-05-21',47.63,'paid',NULL),
(497,156,NULL,12,3,'2024-05-19','2024-05-21',42.29,'paid',NULL),
(498,43,9,31,4,'2024-05-20','2024-05-21',117.02,'paid',NULL),
(499,78,NULL,5,7,'2024-05-20','2024-05-28',51.45,'paid',NULL),
(500,121,NULL,21,1,'2024-05-20','2024-05-24',37.98,'paid',NULL),
(501,136,NULL,13,5,'2024-05-20','2024-05-22',175.31,'paid',NULL),
(502,43,NULL,31,8,'2024-05-21','2024-05-26',43.49,'paid',NULL),
(503,142,NULL,32,6,'2024-05-21','2024-05-23',1317.51,'paid',NULL),
(504,150,NULL,19,6,'2024-05-22','2024-05-31',1685.31,'paid',NULL),
(505,82,NULL,14,8,'2024-05-22','2024-05-27',29.27,'paid',NULL),
(506,145,NULL,24,8,'2024-05-22','2024-05-26',61.05,'paid',NULL),
(507,171,NULL,12,6,'2024-05-23','2024-05-27',1360.76,'paid',NULL),
(508,63,NULL,38,2,'2024-05-23','2024-05-27',58.13,'paid',NULL),
(509,132,NULL,33,2,'2024-05-23','2024-05-27',76.43,'paid',NULL),
(510,50,NULL,38,1,'2024-05-24','2024-05-31',24.83,'rejected','Plafond annuel de remboursement atteint'),
(511,72,NULL,37,1,'2024-05-24','2024-05-30',31.67,'paid',NULL),
(512,137,NULL,12,1,'2024-05-24','2024-05-27',33.26,'paid',NULL),
(513,27,NULL,14,2,'2024-05-25','2024-06-03',49.71,'paid',NULL),
(514,99,NULL,26,1,'2024-05-25','2024-06-01',19.35,'paid',NULL),
(515,192,NULL,18,3,'2024-05-25','2024-05-26',35.12,'paid',NULL),
(516,14,NULL,28,7,'2024-05-25','2024-05-31',35.09,'paid',NULL),
(517,140,NULL,10,3,'2024-05-26','2024-05-29',26.22,'paid',NULL),
(518,32,NULL,11,5,'2024-05-26','2024-06-05',250.62,'paid',NULL),
(519,106,NULL,30,1,'2024-05-26','2024-05-30',37.5,'paid',NULL),
(520,61,NULL,1,4,'2024-05-26','2024-06-01',202.19,'paid',NULL),
(521,123,NULL,38,7,'2024-05-26','2024-06-03',46.89,'paid',NULL),
(522,172,NULL,4,8,'2024-05-27','2024-05-31',62.53,'paid',NULL),
(523,47,NULL,13,2,'2024-05-27','2024-06-02',49.29,'paid',NULL),
(524,194,NULL,33,8,'2024-05-28','2024-05-31',33.91,'paid',NULL),
(525,28,NULL,28,3,'2024-05-28','2024-06-05',40.37,'paid',NULL),
(526,189,NULL,11,1,'2024-05-29','2024-05-30',25.33,'paid',NULL),
(527,134,NULL,13,7,'2024-05-29','2024-06-02',35.4,'rejected','Plafond annuel de remboursement atteint'),
(528,170,NULL,30,2,'2024-05-29','2024-06-06',48.21,'rejected','Prestataire hors reseau'),
(529,170,NULL,26,2,'2024-05-29','2024-05-31',45.91,'rejected','Plafond annuel de remboursement atteint'),
(530,64,NULL,18,6,'2024-05-30','2024-06-06',1417.28,'paid',NULL),
(531,111,NULL,5,3,'2024-05-30','2024-05-31',23.8,'paid',NULL),
(532,68,NULL,7,7,'2024-05-30','2024-06-07',50.1,'paid',NULL),
(533,172,NULL,32,8,'2024-05-31','2024-06-10',35.74,'paid',NULL),
(534,33,NULL,10,2,'2024-05-31','2024-06-03',61.6,'paid',NULL),
(535,149,NULL,3,2,'2024-05-31','2024-06-06',41.21,'paid',NULL),
(536,69,NULL,24,7,'2024-06-01','2024-06-06',59.34,'paid',NULL),
(537,46,NULL,1,3,'2024-06-01','2024-06-08',24.02,'paid',NULL),
(538,164,NULL,10,5,'2024-06-01','2024-06-03',297.71,'paid',NULL),
(539,172,NULL,15,1,'2024-06-02','2024-06-08',21.71,'paid',NULL),
(540,79,NULL,21,8,'2024-06-02','2024-06-12',61.82,'paid',NULL),
(541,133,NULL,14,8,'2024-06-02','2024-06-05',52.51,'paid',NULL),
(542,144,NULL,38,4,'2024-06-02','2024-06-11',165.78,'paid',NULL),
(543,108,NULL,39,3,'2024-06-02','2024-06-07',22.44,'paid',NULL),
(544,115,NULL,24,8,'2024-06-02','2024-06-11',34.09,'paid',NULL),
(545,182,NULL,3,5,'2024-06-03','2024-06-07',246.17,'paid',NULL),
(546,182,NULL,20,8,'2024-06-03','2024-06-09',38.34,'paid',NULL),
(547,54,NULL,28,5,'2024-06-04','2024-06-05',279.75,'paid',NULL),
(548,9,NULL,28,5,'2024-06-04','2024-06-08',316.97,'paid',NULL),
(549,189,47,24,4,'2024-06-05','2024-06-13',119.62,'paid',NULL),
(550,87,NULL,27,8,'2024-06-05','2024-06-08',35.61,'rejected','Plafond annuel de remboursement atteint'),
(551,165,43,23,5,'2024-06-05','2024-06-09',153.35,'paid',NULL),
(552,45,NULL,4,7,'2024-06-05','2024-06-08',46.66,'paid',NULL),
(553,96,NULL,33,2,'2024-06-05','2024-06-10',41.13,'paid',NULL),
(554,102,NULL,17,1,'2024-06-05','2024-06-08',28.28,'paid',NULL),
(555,189,NULL,21,6,'2024-06-06','2024-06-07',1259.12,'paid',NULL),
(556,6,NULL,38,4,'2024-06-06','2024-06-10',122.78,'paid',NULL),
(557,62,NULL,15,8,'2024-06-06','2024-06-16',47.06,'paid',NULL),
(558,10,NULL,37,6,'2024-06-06','2024-06-16',1901.45,'paid',NULL),
(559,80,NULL,27,6,'2024-06-07','2024-06-11',1075.39,'paid',NULL),
(560,62,NULL,28,4,'2024-06-07','2024-06-11',128.02,'paid',NULL),
(561,134,NULL,36,5,'2024-06-07','2024-06-15',199.22,'rejected','Plafond annuel de remboursement atteint'),
(562,4,NULL,4,7,'2024-06-07','2024-06-17',48.33,'paid',NULL),
(563,121,NULL,36,7,'2024-06-08','2024-06-10',35.03,'paid',NULL),
(564,192,NULL,29,2,'2024-06-08','2024-06-12',52.09,'paid',NULL),
(565,2,NULL,28,7,'2024-06-09','2024-06-14',50.34,'paid',NULL),
(566,133,NULL,24,3,'2024-06-09','2024-06-18',24.31,'paid',NULL),
(567,75,NULL,35,4,'2024-06-09','2024-06-16',113.1,'paid',NULL),
(568,155,NULL,40,5,'2024-06-10','2024-06-12',202.48,'paid',NULL),
(569,30,NULL,24,6,'2024-06-10','2024-06-12',1276.97,'paid',NULL),
(570,6,NULL,24,4,'2024-06-10','2024-06-13',137.07,'paid',NULL),
(571,104,NULL,17,4,'2024-06-11','2024-06-19',106.74,'paid',NULL),
(572,188,NULL,4,1,'2024-06-11','2024-06-17',27.86,'paid',NULL),
(573,173,NULL,3,8,'2024-06-12','2024-06-16',45.51,'paid',NULL),
(574,67,NULL,33,3,'2024-06-13','2024-06-16',44.17,'rejected','Plafond annuel de remboursement atteint'),
(575,81,NULL,19,3,'2024-06-14','2024-06-24',44.65,'paid',NULL),
(576,140,NULL,40,4,'2024-06-15','2024-06-21',172.69,'paid',NULL),
(577,94,NULL,32,8,'2024-06-15','2024-06-18',45.67,'paid',NULL),
(578,28,6,38,3,'2024-06-16','2024-06-18',29.83,'paid',NULL),
(579,134,NULL,2,1,'2024-06-16','2024-06-20',34.51,'rejected','Plafond annuel de remboursement atteint'),
(580,177,NULL,30,4,'2024-06-16','2024-06-20',197.84,'paid',NULL),
(581,87,NULL,39,1,'2024-06-16','2024-06-22',21.12,'rejected','Plafond annuel de remboursement atteint'),
(582,13,NULL,11,5,'2024-06-17','2024-06-22',287.75,'paid',NULL),
(583,155,NULL,18,1,'2024-06-17','2024-06-22',39.79,'paid',NULL),
(584,170,NULL,36,8,'2024-06-17','2024-06-20',48.08,'rejected','Plafond annuel de remboursement atteint'),
(585,139,NULL,30,7,'2024-06-17','2024-06-25',62.59,'paid',NULL),
(586,72,18,9,5,'2024-06-18','2024-06-22',227.14,'paid',NULL),
(587,119,NULL,33,6,'2024-06-18','2024-06-19',1877.1,'paid',NULL),
(588,191,NULL,23,7,'2024-06-18','2024-06-24',37.23,'paid',NULL),
(589,196,NULL,10,7,'2024-06-19','2024-06-27',68.42,'paid',NULL),
(590,51,NULL,16,6,'2024-06-19','2024-06-21',1992.29,'paid',NULL),
(591,32,NULL,31,5,'2024-06-19','2024-06-29',222.91,'paid',NULL),
(592,78,24,36,3,'2024-06-20','2024-06-23',44.12,'paid',NULL),
(593,120,NULL,28,7,'2024-06-21','2024-06-23',36.32,'paid',NULL),
(594,45,NULL,33,3,'2024-06-21','2024-06-28',31.49,'paid',NULL),
(595,39,NULL,7,3,'2024-06-21','2024-06-25',44.82,'paid',NULL),
(596,138,NULL,13,8,'2024-06-21','2024-06-29',49.36,'paid',NULL),
(597,5,NULL,13,8,'2024-06-21','2024-07-01',25.97,'paid',NULL),
(598,56,NULL,20,4,'2024-06-22','2024-06-25',208.01,'paid',NULL),
(599,27,NULL,31,2,'2024-06-22','2024-06-25',88.95,'paid',NULL),
(600,65,NULL,7,1,'2024-06-22','2024-06-23',40.57,'paid',NULL),
(601,22,NULL,17,5,'2024-06-22','2024-06-27',323.37,'paid',NULL),
(602,77,NULL,30,4,'2024-06-22','2024-06-29',133.04,'paid',NULL),
(603,192,NULL,7,8,'2024-06-23','2024-06-24',51.34,'paid',NULL),
(604,90,NULL,3,6,'2024-06-23','2024-06-30',2298.91,'paid',NULL),
(605,101,NULL,15,5,'2024-06-23','2024-07-03',231.94,'paid',NULL),
(606,192,NULL,29,7,'2024-06-23','2024-07-02',53.73,'paid',NULL),
(607,71,NULL,12,7,'2024-06-24','2024-07-01',67.85,'paid',NULL),
(608,144,NULL,14,8,'2024-06-24','2024-06-28',61.18,'paid',NULL),
(609,111,NULL,1,1,'2024-06-25','2024-07-03',24.62,'paid',NULL),
(610,50,NULL,31,3,'2024-06-25','2024-07-02',49.87,'rejected','Plafond annuel de remboursement atteint'),
(611,187,NULL,10,7,'2024-06-25','2024-06-30',56.9,'rejected','Document justificatif manquant'),
(612,185,NULL,21,4,'2024-06-26','2024-06-29',128.45,'paid',NULL),
(613,74,NULL,3,5,'2024-06-26','2024-07-05',207.26,'paid',NULL),
(614,18,NULL,20,1,'2024-06-27','2024-07-03',38.93,'paid',NULL),
(615,158,NULL,26,7,'2024-06-27','2024-06-29',67.39,'paid',NULL),
(616,125,NULL,29,7,'2024-06-27','2024-07-01',32.7,'paid',NULL),
(617,83,NULL,31,7,'2024-06-27','2024-07-06',45.3,'paid',NULL),
(618,151,NULL,3,8,'2024-06-27','2024-07-01',34.61,'paid',NULL),
(619,196,NULL,40,5,'2024-06-27','2024-07-07',219.51,'paid',NULL),
(620,39,NULL,18,4,'2024-06-28','2024-06-29',100.21,'paid',NULL),
(621,158,NULL,29,5,'2024-06-28','2024-07-06',340.4,'paid',NULL),
(622,27,NULL,7,7,'2024-06-28','2024-06-29',41.27,'paid',NULL),
(623,33,NULL,31,2,'2024-06-28','2024-07-01',35.87,'paid',NULL),
(624,164,NULL,6,2,'2024-06-28','2024-07-08',65.4,'paid',NULL),
(625,65,NULL,21,1,'2024-06-29','2024-07-01',32.99,'paid',NULL),
(626,79,NULL,8,2,'2024-06-30','2024-07-10',58.53,'paid',NULL),
(627,185,NULL,18,8,'2024-06-30','2024-07-10',35.64,'paid',NULL),
(628,117,NULL,20,5,'2024-06-30','2024-07-09',280.46,'paid',NULL),
(629,133,NULL,32,6,'2024-06-30','2024-07-02',1427.64,'paid',NULL),
(630,129,NULL,19,5,'2024-06-30','2024-07-07',222.25,'paid',NULL),
(631,71,NULL,39,4,'2024-06-30','2024-07-08',214.71,'paid',NULL),
(632,35,NULL,36,3,'2024-07-01','2024-07-10',47.72,'rejected','Document justificatif manquant'),
(633,45,NULL,24,5,'2024-07-01','2024-07-05',291.77,'paid',NULL),
(634,183,NULL,7,5,'2024-07-01','2024-07-03',285.35,'paid',NULL),
(635,167,NULL,34,7,'2024-07-01','2024-07-05',29.9,'paid',NULL),
(636,51,NULL,24,5,'2024-07-04','2024-07-14',228.52,'rejected','Plafond annuel de remboursement atteint'),
(637,102,30,33,6,'2024-07-04','2024-07-12',2687.73,'rejected','Prestataire hors reseau'),
(638,62,NULL,5,3,'2024-07-04','2024-07-09',48.5,'paid',NULL),
(639,122,NULL,22,5,'2024-07-04','2024-07-07',272.3,'paid',NULL),
(640,46,NULL,11,2,'2024-07-04','2024-07-14',43.56,'paid',NULL),
(641,40,NULL,10,4,'2024-07-05','2024-07-11',213.26,'paid',NULL),
(642,78,24,26,1,'2024-07-05','2024-07-09',43.6,'paid',NULL),
(643,162,NULL,1,2,'2024-07-06','2024-07-10',87.82,'paid',NULL),
(644,108,NULL,33,2,'2024-07-07','2024-07-12',48.54,'paid',NULL),
(645,96,NULL,37,1,'2024-07-08','2024-07-10',41.88,'paid',NULL),
(646,151,NULL,32,3,'2024-07-10','2024-07-13',47.82,'paid',NULL),
(647,49,NULL,6,6,'2024-07-11','2024-07-15',2038.66,'paid',NULL),
(648,175,NULL,33,6,'2024-07-11','2024-07-12',1886.29,'paid',NULL),
(649,191,NULL,17,5,'2024-07-12','2024-07-21',346.21,'paid',NULL),
(650,120,NULL,37,6,'2024-07-12','2024-07-22',2567.95,'paid',NULL),
(651,64,NULL,9,4,'2024-07-12','2024-07-20',101.92,'paid',NULL),
(652,86,NULL,29,8,'2024-07-12','2024-07-15',55.03,'paid',NULL),
(653,45,NULL,29,2,'2024-07-12','2024-07-13',38.7,'rejected','Document justificatif manquant'),
(654,23,NULL,9,1,'2024-07-13','2024-07-17',33.62,'paid',NULL),
(655,126,NULL,27,7,'2024-07-13','2024-07-22',30.52,'rejected','Prestataire hors reseau'),
(656,156,NULL,28,4,'2024-07-13','2024-07-14',113.24,'rejected','Prestataire hors reseau'),
(657,126,NULL,32,6,'2024-07-15','2024-07-25',2430.97,'paid',NULL),
(658,4,NULL,25,5,'2024-07-15','2024-07-17',230.06,'paid',NULL),
(659,97,NULL,7,8,'2024-07-15','2024-07-17',28.27,'paid',NULL),
(660,111,NULL,33,1,'2024-07-15','2024-07-25',20.68,'paid',NULL),
(661,197,NULL,20,1,'2024-07-15','2024-07-22',34.16,'paid',NULL),
(662,122,NULL,16,6,'2024-07-17','2024-07-24',2002.0,'paid',NULL),
(663,195,NULL,39,1,'2024-07-17','2024-07-26',26.62,'paid',NULL),
(664,146,NULL,26,1,'2024-07-17','2024-07-26',29.34,'paid',NULL),
(665,38,NULL,31,5,'2024-07-18','2024-07-27',279.54,'paid',NULL),
(666,171,NULL,1,3,'2024-07-18','2024-07-19',31.57,'paid',NULL),
(667,68,NULL,16,7,'2024-07-19','2024-07-28',64.84,'paid',NULL),
(668,158,NULL,38,3,'2024-07-19','2024-07-21',52.5,'paid',NULL),
(669,99,NULL,23,3,'2024-07-19','2024-07-22',47.51,'paid',NULL),
(670,74,NULL,24,1,'2024-07-20','2024-07-28',32.02,'rejected','Plafond annuel de remboursement atteint'),
(671,102,NULL,5,6,'2024-07-21','2024-07-24',1593.7,'paid',NULL),
(672,139,NULL,3,2,'2024-07-21','2024-07-29',81.93,'paid',NULL),
(673,125,NULL,8,4,'2024-07-21','2024-07-24',201.12,'paid',NULL),
(674,14,NULL,17,2,'2024-07-22','2024-07-25',84.41,'paid',NULL),
(675,134,NULL,21,3,'2024-07-22','2024-07-28',51.39,'rejected','Plafond annuel de remboursement atteint'),
(676,101,NULL,10,8,'2024-07-22','2024-07-27',35.11,'paid',NULL),
(677,35,NULL,40,6,'2024-07-22','2024-07-26',2517.19,'paid',NULL),
(678,173,NULL,8,4,'2024-07-22','2024-07-23',186.75,'paid',NULL),
(679,174,NULL,30,3,'2024-07-23','2024-07-25',35.61,'paid',NULL),
(680,42,NULL,14,2,'2024-07-23','2024-07-24',86.3,'paid',NULL),
(681,117,NULL,27,8,'2024-07-25','2024-08-01',28.99,'paid',NULL),
(682,151,NULL,28,6,'2024-07-25','2024-08-03',2344.23,'paid',NULL),
(683,33,NULL,25,2,'2024-07-26','2024-07-31',51.11,'paid',NULL),
(684,164,NULL,31,5,'2024-07-27','2024-07-29',223.57,'paid',NULL),
(685,146,NULL,29,7,'2024-07-28','2024-08-02',39.28,'paid',NULL),
(686,129,NULL,11,7,'2024-07-28','2024-07-29',36.4,'paid',NULL),
(687,98,NULL,22,7,'2024-07-28','2024-08-06',56.22,'paid',NULL),
(688,22,NULL,26,3,'2024-07-28','2024-08-06',31.15,'paid',NULL),
(689,74,NULL,38,8,'2024-07-29','2024-08-08',48.06,'rejected','Plafond annuel de remboursement atteint'),
(690,164,NULL,33,1,'2024-07-30','2024-07-31',28.87,'paid',NULL),
(691,128,NULL,24,4,'2024-07-30','2024-07-31',140.37,'paid',NULL),
(692,187,46,6,4,'2024-07-30','2024-08-03',124.94,'paid',NULL),
(693,170,NULL,30,7,'2024-07-30','2024-08-01',44.09,'rejected','Plafond annuel de remboursement atteint'),
(694,79,NULL,38,8,'2024-07-30','2024-08-06',53.76,'paid',NULL),
(695,130,NULL,35,7,'2024-08-01','2024-08-08',42.5,'rejected','Plafond annuel de remboursement atteint'),
(696,127,NULL,29,1,'2024-08-01','2024-08-11',44.43,'paid',NULL),
(697,14,NULL,11,1,'2024-08-01','2024-08-03',27.01,'paid',NULL),
(698,138,NULL,27,2,'2024-08-03','2024-08-05',37.34,'paid',NULL),
(699,54,NULL,25,3,'2024-08-03','2024-08-08',51.33,'paid',NULL),
(700,9,NULL,26,5,'2024-08-06','2024-08-10',221.7,'paid',NULL),
(701,47,NULL,11,8,'2024-08-07','2024-08-13',60.91,'paid',NULL),
(702,153,NULL,26,2,'2024-08-07','2024-08-13',45.49,'paid',NULL),
(703,26,NULL,36,6,'2024-08-09','2024-08-19',1683.38,'paid',NULL),
(704,111,NULL,24,5,'2024-08-10','2024-08-20',249.81,'paid',NULL),
(705,54,NULL,23,8,'2024-08-10','2024-08-17',46.56,'paid',NULL),
(706,3,NULL,37,1,'2024-08-10','2024-08-17',33.7,'paid',NULL),
(707,81,NULL,32,4,'2024-08-10','2024-08-19',141.46,'paid',NULL),
(708,126,NULL,3,8,'2024-08-10','2024-08-14',54.19,'rejected','Plafond annuel de remboursement atteint'),
(709,177,NULL,9,8,'2024-08-12','2024-08-22',55.36,'paid',NULL),
(710,187,NULL,20,7,'2024-08-15','2024-08-17',43.09,'paid',NULL),
(711,50,NULL,37,3,'2024-08-15','2024-08-20',26.71,'rejected','Plafond annuel de remboursement atteint'),
(712,151,NULL,10,2,'2024-08-15','2024-08-24',51.69,'paid',NULL),
(713,196,NULL,36,6,'2024-08-16','2024-08-17',1470.62,'paid',NULL),
(714,83,NULL,13,7,'2024-08-16','2024-08-22',39.57,'rejected','Soin non couvert par le contrat'),
(715,80,NULL,19,1,'2024-08-16','2024-08-21',31.6,'paid',NULL),
(716,30,NULL,24,6,'2024-08-16','2024-08-19',1247.27,'paid',NULL),
(717,79,NULL,34,1,'2024-08-19','2024-08-29',26.95,'paid',NULL),
(718,35,NULL,16,5,'2024-08-20','2024-08-22',273.83,'paid',NULL),
(719,9,NULL,13,4,'2024-08-20','2024-08-28',101.26,'paid',NULL),
(720,96,NULL,4,4,'2024-08-21','2024-08-25',171.8,'paid',NULL),
(721,49,NULL,3,6,'2024-08-21','2024-08-26',1117.95,'rejected','Plafond annuel de remboursement atteint'),
(722,125,NULL,10,3,'2024-08-21','2024-08-23',52.47,'paid',NULL),
(723,97,NULL,9,5,'2024-08-21','2024-08-27',187.84,'paid',NULL),
(724,198,NULL,23,1,'2024-08-22','2024-08-30',44.07,'paid',NULL),
(725,140,NULL,33,2,'2024-08-23','2024-08-31',72.9,'paid',NULL),
(726,196,NULL,7,6,'2024-08-23','2024-08-25',2631.34,'paid',NULL),
(727,176,NULL,6,7,'2024-08-24','2024-09-02',32.59,'paid',NULL),
(728,121,NULL,18,6,'2024-08-27','2024-09-05',1546.9,'paid',NULL),
(729,126,NULL,12,2,'2024-08-27','2024-09-02',46.23,'rejected','Plafond annuel de remboursement atteint'),
(730,109,NULL,13,2,'2024-08-27','2024-08-29',87.62,'paid',NULL),
(731,187,46,2,8,'2024-08-27','2024-09-06',41.38,'paid',NULL),
(732,145,NULL,18,1,'2024-08-28','2024-09-05',24.95,'paid',NULL),
(733,190,NULL,14,4,'2024-08-28','2024-09-07',103.34,'paid',NULL),
(734,106,NULL,24,1,'2024-08-29','2024-08-30',29.46,'paid',NULL),
(735,27,NULL,32,1,'2024-08-29','2024-09-01',28.64,'paid',NULL),
(736,132,NULL,26,3,'2024-08-30','2024-09-06',37.62,'paid',NULL),
(737,22,NULL,16,2,'2024-08-31','2024-09-06',60.29,'paid',NULL),
(738,133,NULL,14,3,'2024-09-01','2024-09-07',21.55,'paid',NULL),
(739,32,NULL,4,7,'2024-09-01','2024-09-03',35.98,'paid',NULL),
(740,169,NULL,14,7,'2024-09-02','2024-09-06',41.27,'paid',NULL),
(741,153,NULL,30,8,'2024-09-02','2024-09-08',30.96,'paid',NULL),
(742,54,NULL,8,4,'2024-09-02','2024-09-04',142.2,'paid',NULL),
(743,133,NULL,38,3,'2024-09-03','2024-09-04',51.39,'paid',NULL),
(744,2,NULL,32,7,'2024-09-03','2024-09-06',53.19,'paid',NULL),
(745,108,31,36,6,'2024-09-04','2024-09-07',1903.58,'paid',NULL),
(746,77,NULL,39,2,'2024-09-04','2024-09-10',59.23,'paid',NULL),
(747,127,NULL,29,3,'2024-09-04','2024-09-10',40.53,'rejected','Soin non couvert par le contrat'),
(748,4,NULL,10,1,'2024-09-04','2024-09-09',43.32,'paid',NULL),
(749,83,NULL,4,4,'2024-09-04','2024-09-08',194.41,'paid',NULL),
(750,100,NULL,8,4,'2024-09-05','2024-09-11',108.58,'paid',NULL),
(751,184,NULL,30,3,'2024-09-05','2024-09-12',52.95,'paid',NULL),
(752,186,NULL,29,8,'2024-09-05','2024-09-15',54.85,'paid',NULL),
(753,151,NULL,1,7,'2024-09-05','2024-09-14',45.99,'paid',NULL),
(754,32,NULL,38,4,'2024-09-05','2024-09-09',142.02,'paid',NULL),
(755,47,NULL,34,6,'2024-09-07','2024-09-09',2645.28,'paid',NULL),
(756,5,NULL,8,5,'2024-09-07','2024-09-17',230.29,'paid',NULL),
(757,9,NULL,29,2,'2024-09-07','2024-09-11',52.71,'paid',NULL),
(758,138,NULL,40,3,'2024-09-07','2024-09-16',50.72,'paid',NULL),
(759,176,NULL,18,8,'2024-09-07','2024-09-10',54.62,'paid',NULL),
(760,156,NULL,11,4,'2024-09-08','2024-09-12',142.62,'paid',NULL),
(761,102,NULL,20,7,'2024-09-08','2024-09-15',65.53,'paid',NULL),
(762,13,NULL,28,5,'2024-09-08','2024-09-17',178.79,'paid',NULL),
(763,35,NULL,9,6,'2024-09-09','2024-09-17',2697.6,'paid',NULL),
(764,36,7,35,5,'2024-09-10','2024-09-17',140.52,'paid',NULL),
(765,28,NULL,36,8,'2024-09-10','2024-09-14',37.08,'paid',NULL),
(766,72,NULL,4,2,'2024-09-10','2024-09-11',66.5,'paid',NULL),
(767,162,NULL,28,4,'2024-09-11','2024-09-20',115.96,'paid',NULL),
(768,117,37,17,2,'2024-09-11','2024-09-17',56.87,'paid',NULL),
(769,77,NULL,7,4,'2024-09-11','2024-09-21',209.66,'paid',NULL),
(770,83,NULL,19,5,'2024-09-11','2024-09-13',199.94,'paid',NULL),
(771,22,NULL,40,7,'2024-09-12','2024-09-15',43.4,'paid',NULL),
(772,87,NULL,18,4,'2024-09-12','2024-09-21',166.55,'rejected','Plafond annuel de remboursement atteint'),
(773,29,NULL,36,3,'2024-09-13','2024-09-19',22.01,'paid',NULL),
(774,122,NULL,9,7,'2024-09-13','2024-09-21',67.34,'paid',NULL),
(775,23,5,10,1,'2024-09-13','2024-09-16',34.06,'paid',NULL),
(776,177,NULL,7,3,'2024-09-13','2024-09-20',47.2,'paid',NULL),
(777,169,NULL,19,6,'2024-09-13','2024-09-21',1339.84,'paid',NULL),
(778,47,NULL,9,5,'2024-09-14','2024-09-23',224.73,'rejected','Plafond annuel de remboursement atteint'),
(779,62,NULL,26,6,'2024-09-14','2024-09-16',2370.27,'paid',NULL),
(780,117,NULL,7,2,'2024-09-14','2024-09-24',66.21,'paid',NULL),
(781,83,NULL,27,1,'2024-09-14','2024-09-16',32.3,'paid',NULL),
(782,108,NULL,17,6,'2024-09-14','2024-09-19',1141.41,'paid',NULL),
(783,89,NULL,22,3,'2024-09-14','2024-09-22',51.49,'paid',NULL),
(784,132,NULL,7,6,'2024-09-15','2024-09-21',2506.49,'paid',NULL),
(785,104,NULL,23,6,'2024-09-15','2024-09-18',1791.52,'paid',NULL),
(786,79,NULL,13,7,'2024-09-15','2024-09-24',29.73,'paid',NULL),
(787,47,NULL,27,2,'2024-09-16','2024-09-20',42.33,'rejected','Plafond annuel de remboursement atteint'),
(788,36,NULL,29,1,'2024-09-16','2024-09-17',43.09,'paid',NULL),
(789,61,NULL,10,7,'2024-09-16','2024-09-19',51.38,'paid',NULL),
(790,195,NULL,37,7,'2024-09-16','2024-09-21',70.61,'rejected','Prestataire hors reseau'),
(791,175,NULL,36,8,'2024-09-16','2024-09-17',60.08,'paid',NULL),
(792,145,NULL,39,6,'2024-09-17','2024-09-18',2634.39,'paid',NULL),
(793,126,NULL,36,3,'2024-09-17','2024-09-25',21.3,'rejected','Plafond annuel de remboursement atteint'),
(794,102,NULL,2,8,'2024-09-18','2024-09-20',26.24,'paid',NULL),
(795,67,NULL,29,2,'2024-09-19','2024-09-28',59.46,'rejected','Plafond annuel de remboursement atteint'),
(796,144,NULL,29,5,'2024-09-19','2024-09-28',256.67,'paid',NULL),
(797,187,46,5,7,'2024-09-20','2024-09-26',33.44,'paid',NULL),
(798,109,NULL,14,4,'2024-09-20','2024-09-24',113.26,'paid',NULL),
(799,71,NULL,19,1,'2024-09-20','2024-09-27',17.92,'paid',NULL),
(800,153,NULL,20,3,'2024-09-21','2024-09-29',36.55,'paid',NULL);

INSERT INTO claims (claim_id, policy_id, dependent_id, provider_id, category_id, care_date, submitted_date, billed_amount, status, rejection_reason) VALUES
(801,103,NULL,3,2,'2024-09-21','2024-10-01',60.63,'rejected','Plafond annuel de remboursement atteint'),
(802,185,NULL,32,3,'2024-09-23','2024-09-29',28.62,'paid',NULL),
(803,155,NULL,8,6,'2024-09-23','2024-09-29',1060.32,'paid',NULL),
(804,29,NULL,22,6,'2024-09-23','2024-09-29',2549.14,'paid',NULL),
(805,46,NULL,2,2,'2024-09-23','2024-09-29',60.39,'paid',NULL),
(806,137,NULL,17,6,'2024-09-25','2024-09-26',1468.24,'paid',NULL),
(807,68,NULL,36,6,'2024-09-25','2024-10-04',1170.26,'paid',NULL),
(808,148,NULL,17,1,'2024-09-25','2024-09-26',27.02,'rejected','Plafond annuel de remboursement atteint'),
(809,5,NULL,24,1,'2024-09-26','2024-09-30',33.5,'paid',NULL),
(810,168,NULL,30,2,'2024-09-26','2024-10-02',67.69,'paid',NULL),
(811,90,NULL,7,3,'2024-09-26','2024-10-04',52.62,'rejected','Plafond annuel de remboursement atteint'),
(812,61,NULL,12,5,'2024-09-26','2024-10-02',345.81,'paid',NULL),
(813,65,NULL,36,4,'2024-09-28','2024-09-29',95.21,'paid',NULL),
(814,148,NULL,4,3,'2024-09-28','2024-10-06',47.33,'rejected','Plafond annuel de remboursement atteint'),
(815,106,NULL,38,5,'2024-09-28','2024-09-29',234.39,'paid',NULL),
(816,174,NULL,12,1,'2024-09-30','2024-10-01',44.57,'paid',NULL),
(817,82,NULL,2,1,'2024-09-30','2024-10-04',29.37,'paid',NULL),
(818,20,NULL,15,2,'2024-10-01','2024-10-03',47.66,'paid',NULL),
(819,81,NULL,31,3,'2024-10-01','2024-10-09',47.24,'paid',NULL),
(820,83,NULL,25,8,'2024-10-01','2024-10-03',31.6,'paid',NULL),
(821,116,NULL,32,2,'2024-10-02','2024-10-06',39.03,'paid',NULL),
(822,33,NULL,6,7,'2024-10-02','2024-10-10',48.8,'paid',NULL),
(823,36,NULL,28,8,'2024-10-02','2024-10-10',31.66,'paid',NULL),
(824,85,NULL,24,4,'2024-10-03','2024-10-07',162.68,'paid',NULL),
(825,101,NULL,33,8,'2024-10-03','2024-10-06',41.31,'paid',NULL),
(826,85,NULL,5,2,'2024-10-03','2024-10-11',51.84,'paid',NULL),
(827,162,NULL,30,1,'2024-10-03','2024-10-13',28.59,'rejected','Document justificatif manquant'),
(828,49,NULL,2,3,'2024-10-03','2024-10-09',27.68,'rejected','Plafond annuel de remboursement atteint'),
(829,54,NULL,40,4,'2024-10-03','2024-10-08',155.53,'paid',NULL),
(830,83,NULL,33,1,'2024-10-04','2024-10-09',18.5,'rejected','Soin non couvert par le contrat'),
(831,28,6,34,7,'2024-10-04','2024-10-10',60.83,'paid',NULL),
(832,37,NULL,38,1,'2024-10-05','2024-10-13',21.84,'paid',NULL),
(833,69,NULL,35,8,'2024-10-05','2024-10-11',25.26,'paid',NULL),
(834,18,NULL,5,8,'2024-10-05','2024-10-06',55.87,'paid',NULL),
(835,29,NULL,31,2,'2024-10-05','2024-10-07',78.55,'paid',NULL),
(836,162,NULL,16,7,'2024-10-07','2024-10-09',65.71,'paid',NULL),
(837,177,NULL,34,7,'2024-10-07','2024-10-17',58.54,'paid',NULL),
(838,3,NULL,6,3,'2024-10-08','2024-10-12',45.77,'paid',NULL),
(839,101,NULL,4,6,'2024-10-08','2024-10-11',1767.59,'paid',NULL),
(840,134,NULL,1,4,'2024-10-09','2024-10-16',128.43,'rejected','Plafond annuel de remboursement atteint'),
(841,116,NULL,15,5,'2024-10-10','2024-10-16',149.03,'paid',NULL),
(842,59,NULL,27,7,'2024-10-10','2024-10-12',31.38,'paid',NULL),
(843,32,NULL,32,1,'2024-10-10','2024-10-12',41.26,'paid',NULL),
(844,9,NULL,14,1,'2024-10-10','2024-10-20',37.36,'paid',NULL),
(845,69,NULL,22,8,'2024-10-11','2024-10-14',60.41,'paid',NULL),
(846,120,NULL,4,5,'2024-10-11','2024-10-15',187.95,'rejected','Plafond annuel de remboursement atteint'),
(847,148,NULL,38,6,'2024-10-12','2024-10-21',2121.78,'rejected','Plafond annuel de remboursement atteint'),
(848,33,NULL,5,2,'2024-10-12','2024-10-15',89.59,'paid',NULL),
(849,127,NULL,11,1,'2024-10-12','2024-10-18',32.41,'paid',NULL),
(850,176,NULL,16,6,'2024-10-14','2024-10-19',1272.49,'paid',NULL),
(851,38,8,39,8,'2024-10-14','2024-10-18',50.01,'paid',NULL),
(852,118,NULL,14,8,'2024-10-14','2024-10-16',58.82,'paid',NULL),
(853,144,NULL,8,1,'2024-10-14','2024-10-24',26.28,'paid',NULL),
(854,97,NULL,34,2,'2024-10-15','2024-10-19',71.18,'paid',NULL),
(855,77,NULL,5,2,'2024-10-15','2024-10-21',44.45,'paid',NULL),
(856,98,NULL,18,4,'2024-10-15','2024-10-25',118.33,'paid',NULL),
(857,65,NULL,7,7,'2024-10-15','2024-10-18',63.05,'paid',NULL),
(858,72,18,34,4,'2024-10-16','2024-10-19',149.16,'paid',NULL),
(859,38,NULL,31,6,'2024-10-16','2024-10-22',2195.65,'paid',NULL),
(860,57,13,2,2,'2024-10-16','2024-10-26',66.6,'paid',NULL),
(861,198,NULL,24,4,'2024-10-16','2024-10-23',207.44,'paid',NULL),
(862,96,NULL,26,7,'2024-10-16','2024-10-19',52.66,'paid',NULL),
(863,184,NULL,3,5,'2024-10-16','2024-10-20',307.2,'paid',NULL),
(864,121,NULL,15,2,'2024-10-17','2024-10-24',61.91,'paid',NULL),
(865,186,NULL,20,7,'2024-10-17','2024-10-22',63.2,'paid',NULL),
(866,127,NULL,3,8,'2024-10-17','2024-10-26',43.65,'rejected','Document justificatif manquant'),
(867,42,NULL,35,5,'2024-10-18','2024-10-26',205.72,'paid',NULL),
(868,71,NULL,34,6,'2024-10-19','2024-10-22',1691.01,'paid',NULL),
(869,144,NULL,6,6,'2024-10-19','2024-10-25',1514.13,'paid',NULL),
(870,191,NULL,27,8,'2024-10-19','2024-10-20',47.79,'paid',NULL),
(871,103,NULL,22,7,'2024-10-19','2024-10-29',33.75,'rejected','Plafond annuel de remboursement atteint'),
(872,148,NULL,34,1,'2024-10-20','2024-10-30',35.15,'rejected','Plafond annuel de remboursement atteint'),
(873,61,NULL,22,1,'2024-10-20','2024-10-23',37.31,'paid',NULL),
(874,150,NULL,37,2,'2024-10-20','2024-10-25',84.5,'paid',NULL),
(875,130,NULL,24,4,'2024-10-21','2024-10-25',120.38,'rejected','Plafond annuel de remboursement atteint'),
(876,70,NULL,12,8,'2024-10-21','2024-10-30',53.09,'paid',NULL),
(877,121,NULL,5,7,'2024-10-22','2024-10-27',50.24,'paid',NULL),
(878,197,NULL,7,6,'2024-10-22','2024-10-26',1862.14,'paid',NULL),
(879,33,NULL,4,3,'2024-10-23','2024-10-27',44.04,'paid',NULL),
(880,155,NULL,10,4,'2024-10-23','2024-10-31',147.4,'rejected','Document justificatif manquant'),
(881,68,NULL,16,5,'2024-10-23','2024-10-28',329.39,'paid',NULL),
(882,65,NULL,11,4,'2024-10-23','2024-11-02',169.07,'paid',NULL),
(883,118,NULL,9,8,'2024-10-23','2024-10-27',24.87,'paid',NULL),
(884,138,NULL,23,5,'2024-10-23','2024-10-24',202.77,'paid',NULL),
(885,18,NULL,15,7,'2024-10-23','2024-10-26',39.19,'paid',NULL),
(886,36,7,29,3,'2024-10-25','2024-11-02',24.45,'paid',NULL),
(887,47,NULL,12,3,'2024-10-25','2024-11-01',30.22,'rejected','Soin non couvert par le contrat'),
(888,124,NULL,7,2,'2024-10-25','2024-11-01',76.28,'rejected','Plafond annuel de remboursement atteint'),
(889,42,NULL,15,2,'2024-10-25','2024-10-26',47.52,'paid',NULL),
(890,134,NULL,23,2,'2024-10-27','2024-10-28',74.42,'rejected','Plafond annuel de remboursement atteint'),
(891,33,NULL,35,2,'2024-10-27','2024-11-04',61.06,'paid',NULL),
(892,177,NULL,6,2,'2024-10-27','2024-11-02',57.02,'paid',NULL),
(893,153,NULL,36,1,'2024-10-27','2024-11-02',44.14,'paid',NULL),
(894,196,NULL,31,4,'2024-10-27','2024-10-29',163.07,'paid',NULL),
(895,34,NULL,1,3,'2024-10-28','2024-10-29',41.6,'paid',NULL),
(896,45,NULL,17,5,'2024-10-28','2024-10-30',186.07,'paid',NULL),
(897,62,NULL,36,1,'2024-10-28','2024-11-01',22.49,'rejected','Plafond annuel de remboursement atteint'),
(898,198,NULL,33,1,'2024-10-28','2024-11-01',20.63,'paid',NULL),
(899,13,NULL,6,2,'2024-10-28','2024-11-04',50.88,'paid',NULL),
(900,62,NULL,5,8,'2024-10-29','2024-11-04',57.43,'rejected','Plafond annuel de remboursement atteint'),
(901,119,NULL,37,7,'2024-10-29','2024-11-05',71.44,'paid',NULL),
(902,83,NULL,38,8,'2024-10-29','2024-11-01',24.98,'rejected','Soin non couvert par le contrat'),
(903,67,NULL,21,8,'2024-10-30','2024-11-07',56.1,'rejected','Plafond annuel de remboursement atteint'),
(904,74,NULL,8,5,'2024-10-30','2024-10-31',168.77,'rejected','Plafond annuel de remboursement atteint'),
(905,62,NULL,23,6,'2024-10-31','2024-11-05',1468.51,'rejected','Plafond annuel de remboursement atteint'),
(906,96,NULL,16,5,'2024-11-01','2024-11-11',155.66,'rejected','Soin non couvert par le contrat'),
(907,77,NULL,22,8,'2024-11-01','2024-11-06',34.63,'paid',NULL),
(908,59,NULL,6,8,'2024-11-01','2024-11-03',47.04,'paid',NULL),
(909,9,NULL,20,8,'2024-11-01','2024-11-10',60.08,'paid',NULL),
(910,121,NULL,2,6,'2024-11-01','2024-11-09',1514.16,'paid',NULL),
(911,101,NULL,1,6,'2024-11-01','2024-11-05',1633.58,'paid',NULL),
(912,196,NULL,11,2,'2024-11-02','2024-11-08',56.52,'paid',NULL),
(913,27,NULL,40,1,'2024-11-03','2024-11-11',18.48,'paid',NULL),
(914,5,NULL,39,3,'2024-11-03','2024-11-05',22.46,'paid',NULL),
(915,23,NULL,11,4,'2024-11-03','2024-11-05',177.28,'paid',NULL),
(916,106,NULL,22,3,'2024-11-03','2024-11-13',27.02,'paid',NULL),
(917,143,NULL,40,8,'2024-11-04','2024-11-06',58.23,'paid',NULL),
(918,47,NULL,22,3,'2024-11-04','2024-11-05',50.67,'rejected','Plafond annuel de remboursement atteint'),
(919,56,NULL,10,2,'2024-11-04','2024-11-14',39.15,'paid',NULL),
(920,126,NULL,6,6,'2024-11-04','2024-11-07',2211.74,'rejected','Plafond annuel de remboursement atteint'),
(921,139,NULL,10,8,'2024-11-05','2024-11-10',45.31,'paid',NULL),
(922,57,NULL,18,7,'2024-11-05','2024-11-14',41.51,'paid',NULL),
(923,76,NULL,25,2,'2024-11-05','2024-11-13',76.94,'paid',NULL),
(924,198,NULL,20,2,'2024-11-05','2024-11-13',39.72,'paid',NULL),
(925,159,NULL,28,8,'2024-11-06','2024-11-10',55.34,'paid',NULL),
(926,121,NULL,9,5,'2024-11-06','2024-11-08',204.4,'paid',NULL),
(927,182,NULL,30,8,'2024-11-06','2024-11-15',29.45,'paid',NULL),
(928,173,NULL,23,7,'2024-11-07','2024-11-16',29.74,'paid',NULL),
(929,41,NULL,32,4,'2024-11-07','2024-11-09',121.35,'paid',NULL),
(930,190,NULL,18,5,'2024-11-07','2024-11-16',323.53,'paid',NULL),
(931,106,NULL,24,6,'2024-11-08','2024-11-18',1965.76,'paid',NULL),
(932,140,NULL,33,8,'2024-11-08','2024-11-14',27.19,'paid',NULL),
(933,137,NULL,4,8,'2024-11-08','2024-11-12',50.33,'paid',NULL),
(934,6,NULL,40,6,'2024-11-09','2024-11-18',1506.36,'paid',NULL),
(935,75,NULL,5,2,'2024-11-09','2024-11-13',87.63,'paid',NULL),
(936,185,NULL,39,4,'2024-11-10','2024-11-14',93.09,'paid',NULL),
(937,80,NULL,39,6,'2024-11-10','2024-11-16',1919.4,'paid',NULL),
(938,3,NULL,36,2,'2024-11-10','2024-11-14',62.07,'paid',NULL),
(939,129,NULL,31,1,'2024-11-10','2024-11-14',22.86,'paid',NULL),
(940,144,NULL,33,3,'2024-11-10','2024-11-16',25.31,'rejected','Plafond annuel de remboursement atteint'),
(941,35,NULL,23,4,'2024-11-10','2024-11-19',156.27,'rejected','Plafond annuel de remboursement atteint'),
(942,87,NULL,5,6,'2024-11-11','2024-11-15',1844.28,'rejected','Plafond annuel de remboursement atteint'),
(943,119,NULL,21,2,'2024-11-12','2024-11-15',66.82,'paid',NULL),
(944,94,NULL,5,4,'2024-11-12','2024-11-20',167.22,'paid',NULL),
(945,142,NULL,18,8,'2024-11-12','2024-11-16',62.99,'paid',NULL),
(946,22,NULL,26,7,'2024-11-12','2024-11-19',29.9,'paid',NULL),
(947,36,NULL,3,3,'2024-11-13','2024-11-22',49.21,'paid',NULL),
(948,119,NULL,28,7,'2024-11-13','2024-11-22',42.38,'paid',NULL),
(949,132,NULL,13,3,'2024-11-13','2024-11-19',46.78,'rejected','Plafond annuel de remboursement atteint'),
(950,89,NULL,3,6,'2024-11-13','2024-11-19',2166.4,'paid',NULL),
(951,138,NULL,35,2,'2024-11-14','2024-11-22',50.45,'paid',NULL),
(952,85,NULL,19,4,'2024-11-14','2024-11-23',144.27,'paid',NULL),
(953,168,NULL,28,7,'2024-11-14','2024-11-16',31.78,'paid',NULL),
(954,157,NULL,12,6,'2024-11-14','2024-11-18',1435.81,'paid',NULL),
(955,47,NULL,30,3,'2024-11-14','2024-11-24',44.12,'rejected','Plafond annuel de remboursement atteint'),
(956,22,NULL,5,8,'2024-11-15','2024-11-25',41.0,'paid',NULL),
(957,140,NULL,29,2,'2024-11-15','2024-11-23',81.68,'paid',NULL),
(958,30,NULL,5,2,'2024-11-15','2024-11-17',56.98,'rejected','Plafond annuel de remboursement atteint'),
(959,96,NULL,20,6,'2024-11-15','2024-11-20',2688.43,'rejected','Prestataire hors reseau'),
(960,61,NULL,24,8,'2024-11-16','2024-11-23',60.86,'rejected','Prestataire hors reseau'),
(961,50,NULL,24,5,'2024-11-16','2024-11-26',275.48,'rejected','Plafond annuel de remboursement atteint'),
(962,36,NULL,10,8,'2024-11-16','2024-11-18',35.08,'paid',NULL),
(963,148,NULL,38,5,'2024-11-16','2024-11-21',322.02,'rejected','Plafond annuel de remboursement atteint'),
(964,20,NULL,14,3,'2024-11-16','2024-11-22',39.31,'paid',NULL),
(965,125,NULL,34,4,'2024-11-16','2024-11-25',133.69,'paid',NULL),
(966,13,NULL,15,4,'2024-11-16','2024-11-17',167.68,'paid',NULL),
(967,139,NULL,32,6,'2024-11-16','2024-11-24',1235.96,'paid',NULL),
(968,143,NULL,3,7,'2024-11-17','2024-11-26',58.45,'paid',NULL),
(969,149,NULL,23,1,'2024-11-17','2024-11-20',25.32,'paid',NULL),
(970,169,NULL,25,1,'2024-11-17','2024-11-21',32.69,'paid',NULL),
(971,189,NULL,37,1,'2024-11-17','2024-11-20',28.19,'paid',NULL),
(972,29,NULL,36,7,'2024-11-17','2024-11-18',50.97,'paid',NULL),
(973,11,NULL,14,8,'2024-11-19','2024-11-21',27.69,'paid',NULL),
(974,20,NULL,38,8,'2024-11-19','2024-11-27',32.93,'paid',NULL),
(975,124,NULL,40,2,'2024-11-19','2024-11-29',74.15,'rejected','Plafond annuel de remboursement atteint'),
(976,175,45,33,4,'2024-11-19','2024-11-20',118.52,'paid',NULL),
(977,87,NULL,34,1,'2024-11-19','2024-11-29',36.17,'rejected','Plafond annuel de remboursement atteint'),
(978,111,NULL,35,4,'2024-11-20','2024-11-21',88.2,'paid',NULL),
(979,25,NULL,34,3,'2024-11-20','2024-11-30',23.91,'paid',NULL),
(980,35,NULL,24,7,'2024-11-21','2024-11-22',62.75,'rejected','Plafond annuel de remboursement atteint'),
(981,188,NULL,33,2,'2024-11-21','2024-11-29',64.68,'paid',NULL),
(982,177,NULL,8,8,'2024-11-21','2024-11-23',60.25,'paid',NULL),
(983,96,NULL,7,2,'2024-11-21','2024-12-01',63.99,'paid',NULL),
(984,120,NULL,13,8,'2024-11-21','2024-11-29',30.07,'rejected','Plafond annuel de remboursement atteint'),
(985,187,46,20,8,'2024-11-22','2024-11-29',39.59,'paid',NULL),
(986,121,NULL,24,8,'2024-11-23','2024-11-27',54.19,'paid',NULL),
(987,140,NULL,19,3,'2024-11-23','2024-11-25',27.82,'paid',NULL),
(988,40,NULL,6,3,'2024-11-23','2024-11-28',22.39,'paid',NULL),
(989,45,NULL,20,4,'2024-11-23','2024-12-01',203.41,'paid',NULL),
(990,153,NULL,8,2,'2024-11-23','2024-11-24',71.35,'paid',NULL),
(991,141,NULL,36,3,'2024-11-23','2024-12-03',51.01,'paid',NULL),
(992,39,NULL,5,7,'2024-11-24','2024-12-02',29.67,'paid',NULL),
(993,144,NULL,2,5,'2024-11-24','2024-12-01',155.06,'rejected','Plafond annuel de remboursement atteint'),
(994,20,NULL,34,3,'2024-11-24','2024-11-27',26.56,'rejected','Soin non couvert par le contrat'),
(995,185,NULL,24,1,'2024-11-24','2024-11-27',39.66,'paid',NULL),
(996,9,NULL,4,3,'2024-11-24','2024-11-29',27.39,'rejected','Prestataire hors reseau'),
(997,81,NULL,6,8,'2024-11-25','2024-12-03',29.5,'paid',NULL),
(998,127,NULL,33,2,'2024-11-25','2024-11-27',44.41,'paid',NULL),
(999,171,NULL,34,3,'2024-11-25','2024-12-01',26.61,'paid',NULL),
(1000,185,NULL,13,6,'2024-11-25','2024-12-01',2063.26,'paid',NULL),
(1001,147,NULL,24,2,'2024-11-25','2024-11-30',54.81,'paid',NULL),
(1002,104,NULL,38,5,'2024-11-26','2024-12-01',170.83,'paid',NULL),
(1003,5,NULL,10,5,'2024-11-26','2024-12-02',297.24,'rejected','Soin non couvert par le contrat'),
(1004,123,NULL,36,2,'2024-11-26','2024-11-29',89.72,'paid',NULL),
(1005,180,NULL,17,8,'2024-11-26','2024-11-30',32.44,'paid',NULL),
(1006,94,NULL,1,5,'2024-11-26','2024-11-27',198.66,'paid',NULL),
(1007,162,NULL,34,8,'2024-11-26','2024-12-01',42.6,'paid',NULL),
(1008,115,NULL,5,3,'2024-11-26','2024-11-29',48.02,'paid',NULL),
(1009,29,NULL,26,1,'2024-11-26','2024-12-01',19.43,'paid',NULL),
(1010,139,NULL,13,8,'2024-11-27','2024-12-03',39.69,'paid',NULL),
(1011,172,NULL,26,8,'2024-11-27','2024-12-06',44.44,'paid',NULL),
(1012,127,NULL,11,6,'2024-11-27','2024-11-29',2200.7,'paid',NULL),
(1013,76,NULL,14,6,'2024-11-28','2024-11-30',1821.33,'paid',NULL),
(1014,39,NULL,3,5,'2024-11-28','2024-12-05',315.74,'paid',NULL),
(1015,132,NULL,28,6,'2024-11-28','2024-12-07',1924.42,'rejected','Plafond annuel de remboursement atteint'),
(1016,3,NULL,8,2,'2024-11-28','2024-12-03',35.26,'paid',NULL),
(1017,144,NULL,13,6,'2024-11-29','2024-12-01',2426.91,'rejected','Plafond annuel de remboursement atteint'),
(1018,11,NULL,6,4,'2024-11-29','2024-12-05',175.17,'paid',NULL),
(1019,190,NULL,29,3,'2024-11-29','2024-12-03',25.44,'paid',NULL),
(1020,116,NULL,18,3,'2024-11-30','2024-12-06',32.34,'paid',NULL),
(1021,14,NULL,40,7,'2024-11-30','2024-12-10',50.52,'paid',NULL),
(1022,169,NULL,27,6,'2024-11-30','2024-12-02',2653.77,'paid',NULL),
(1023,151,NULL,33,2,'2024-11-30','2024-12-06',50.86,'paid',NULL),
(1024,173,NULL,5,2,'2024-12-01','2024-12-06',61.31,'paid',NULL),
(1025,117,37,19,5,'2024-12-01','2024-12-04',200.46,'paid',NULL),
(1026,62,NULL,9,6,'2024-12-01','2024-12-10',1077.12,'rejected','Plafond annuel de remboursement atteint'),
(1027,18,NULL,16,4,'2024-12-02','2024-12-03',150.32,'paid',NULL),
(1028,122,NULL,37,3,'2024-12-02','2024-12-11',48.16,'paid',NULL),
(1029,36,7,39,1,'2024-12-02','2024-12-10',33.93,'paid',NULL),
(1030,157,NULL,20,2,'2024-12-02','2024-12-04',80.1,'paid',NULL),
(1031,94,NULL,15,3,'2024-12-02','2024-12-03',51.2,'paid',NULL),
(1032,38,NULL,19,8,'2024-12-03','2024-12-11',33.41,'paid',NULL),
(1033,162,NULL,40,3,'2024-12-03','2024-12-13',23.01,'paid',NULL),
(1034,54,NULL,32,5,'2024-12-03','2024-12-12',201.1,'paid',NULL),
(1035,2,NULL,26,3,'2024-12-03','2024-12-12',27.9,'paid',NULL),
(1036,182,NULL,38,1,'2024-12-03','2024-12-12',30.15,'paid',NULL),
(1037,3,NULL,3,7,'2024-12-04','2024-12-09',33.26,'paid',NULL),
(1038,91,NULL,14,8,'2024-12-04','2024-12-12',61.47,'rejected','Plafond annuel de remboursement atteint'),
(1039,188,NULL,20,6,'2024-12-04','2024-12-13',1933.05,'paid',NULL),
(1040,198,NULL,19,7,'2024-12-04','2024-12-06',50.99,'paid',NULL),
(1041,178,NULL,10,8,'2024-12-05','2024-12-12',55.55,'paid',NULL),
(1042,119,NULL,27,7,'2024-12-05','2024-12-11',68.33,'paid',NULL),
(1043,36,7,21,6,'2024-12-05','2024-12-13',2558.76,'paid',NULL),
(1044,168,NULL,27,4,'2024-12-05','2024-12-06',116.6,'paid',NULL),
(1045,54,NULL,19,5,'2024-12-05','2024-12-12',194.97,'paid',NULL),
(1046,109,NULL,10,2,'2024-12-06','2024-12-10',77.38,'paid',NULL),
(1047,192,NULL,11,3,'2024-12-06','2024-12-08',29.24,'rejected','Soin non couvert par le contrat'),
(1048,186,NULL,6,4,'2024-12-06','2024-12-09',108.86,'rejected','Prestataire hors reseau'),
(1049,74,NULL,10,2,'2024-12-06','2024-12-09',43.77,'rejected','Plafond annuel de remboursement atteint'),
(1050,78,24,35,5,'2024-12-07','2024-12-13',315.66,'paid',NULL),
(1051,26,NULL,36,3,'2024-12-07','2024-12-11',37.73,'paid',NULL),
(1052,180,NULL,8,3,'2024-12-07','2024-12-08',25.15,'paid',NULL),
(1053,184,NULL,2,4,'2024-12-08','2024-12-16',117.5,'paid',NULL),
(1054,116,36,34,3,'2024-12-08','2024-12-17',42.48,'paid',NULL),
(1055,9,NULL,13,8,'2024-12-08','2024-12-14',40.43,'paid',NULL),
(1056,57,NULL,14,8,'2024-12-08','2024-12-17',33.14,'paid',NULL),
(1057,56,NULL,7,7,'2024-12-08','2024-12-18',47.91,'paid',NULL),
(1058,89,NULL,8,1,'2024-12-09','2024-12-16',33.19,'rejected','Plafond annuel de remboursement atteint'),
(1059,78,NULL,36,3,'2024-12-09','2024-12-12',47.77,'paid',NULL),
(1060,34,NULL,13,2,'2024-12-09','2024-12-19',49.59,'paid',NULL),
(1061,197,NULL,20,7,'2024-12-09','2024-12-11',68.02,'paid',NULL),
(1062,4,NULL,21,2,'2024-12-09','2024-12-11',50.51,'paid',NULL),
(1063,30,NULL,35,6,'2024-12-09','2024-12-12',1919.33,'rejected','Plafond annuel de remboursement atteint'),
(1064,90,NULL,36,3,'2024-12-10','2024-12-17',52.45,'rejected','Plafond annuel de remboursement atteint'),
(1065,108,31,9,3,'2024-12-10','2024-12-15',24.78,'paid',NULL),
(1066,62,NULL,2,2,'2024-12-11','2024-12-15',45.54,'rejected','Plafond annuel de remboursement atteint'),
(1067,149,NULL,31,6,'2024-12-11','2024-12-12',2365.23,'paid',NULL),
(1068,20,NULL,38,1,'2024-12-11','2024-12-13',38.89,'paid',NULL),
(1069,155,NULL,30,5,'2024-12-13','2024-12-18',295.45,'paid',NULL),
(1070,145,NULL,26,2,'2024-12-13','2024-12-16',80.43,'paid',NULL),
(1071,130,NULL,37,5,'2024-12-13','2024-12-14',318.71,'rejected','Plafond annuel de remboursement atteint'),
(1072,183,NULL,13,4,'2024-12-13','2024-12-14',165.45,'paid',NULL),
(1073,80,NULL,23,2,'2024-12-13','2024-12-15',36.15,'paid',NULL),
(1074,158,NULL,5,8,'2024-12-13','2024-12-14',56.91,'rejected','Soin non couvert par le contrat'),
(1075,3,NULL,6,1,'2024-12-14','2024-12-24',31.89,'paid',NULL),
(1076,46,NULL,37,6,'2024-12-14','2024-12-19',2648.54,'paid',NULL),
(1077,173,NULL,29,7,'2024-12-14','2024-12-24',69.78,'paid',NULL),
(1078,146,NULL,18,3,'2024-12-15','2024-12-23',51.57,'paid',NULL),
(1079,145,NULL,29,8,'2024-12-15','2024-12-25',33.88,'paid',NULL),
(1080,11,NULL,26,6,'2024-12-15','2024-12-24',1482.07,'paid',NULL),
(1081,108,NULL,10,6,'2024-12-15','2024-12-23',1375.88,'paid',NULL),
(1082,178,NULL,3,4,'2024-12-16','2024-12-24',101.3,'paid',NULL),
(1083,47,NULL,25,3,'2024-12-16','2024-12-22',49.17,'rejected','Plafond annuel de remboursement atteint'),
(1084,156,NULL,17,4,'2024-12-16','2024-12-20',162.02,'paid',NULL),
(1085,4,NULL,35,2,'2024-12-16','2024-12-23',61.78,'paid',NULL),
(1086,91,NULL,27,8,'2024-12-16','2024-12-22',37.41,'rejected','Plafond annuel de remboursement atteint'),
(1087,47,NULL,15,6,'2024-12-16','2024-12-24',1861.66,'rejected','Plafond annuel de remboursement atteint'),
(1088,31,NULL,27,4,'2024-12-16','2024-12-24',192.4,'paid',NULL),
(1089,192,NULL,26,8,'2024-12-17','2024-12-23',27.27,'paid',NULL),
(1090,43,NULL,3,7,'2024-12-17','2024-12-25',36.47,'paid',NULL),
(1091,81,NULL,22,6,'2024-12-18','2024-12-22',1081.11,'paid',NULL),
(1092,27,NULL,13,4,'2024-12-18','2024-12-19',190.39,'paid',NULL),
(1093,56,NULL,12,2,'2024-12-18','2024-12-25',59.4,'paid',NULL),
(1094,150,NULL,9,2,'2024-12-18','2024-12-20',50.71,'paid',NULL),
(1095,121,NULL,2,3,'2024-12-18','2024-12-22',53.28,'paid',NULL),
(1096,78,NULL,39,4,'2024-12-19','2024-12-25',153.91,'paid',NULL),
(1097,13,NULL,32,2,'2024-12-19','2024-12-22',42.68,'paid',NULL),
(1098,172,NULL,17,4,'2024-12-19','2024-12-29',160.51,'paid',NULL),
(1099,87,NULL,23,2,'2024-12-19','2024-12-25',50.09,'rejected','Plafond annuel de remboursement atteint'),
(1100,182,NULL,4,4,'2024-12-19','2024-12-29',182.45,'paid',NULL),
(1101,116,NULL,1,2,'2024-12-20','2024-12-25',49.57,'paid',NULL),
(1102,159,NULL,36,7,'2024-12-20','2024-12-27',39.2,'paid',NULL),
(1103,100,NULL,20,4,'2024-12-20','2024-12-23',110.58,'paid',NULL),
(1104,40,NULL,22,8,'2024-12-20','2024-12-26',62.81,'paid',NULL),
(1105,36,NULL,9,7,'2024-12-20','2024-12-27',71.05,'paid',NULL),
(1106,134,NULL,19,2,'2024-12-21','2024-12-30',38.31,'rejected','Plafond annuel de remboursement atteint'),
(1107,178,NULL,6,7,'2024-12-21','2024-12-29',67.01,'rejected','Prestataire hors reseau'),
(1108,5,NULL,16,5,'2024-12-21','2024-12-25',255.08,'paid',NULL),
(1109,125,NULL,3,8,'2024-12-21','2024-12-23',61.55,'paid',NULL),
(1110,165,NULL,10,7,'2024-12-22','2024-12-24',33.12,'paid',NULL),
(1111,194,NULL,4,4,'2024-12-22','2024-12-23',187.3,'paid',NULL),
(1112,146,NULL,3,6,'2024-12-22','2024-12-28',1993.74,'paid',NULL),
(1113,177,NULL,1,6,'2024-12-23','2024-12-31',1319.69,'paid',NULL),
(1114,70,NULL,19,7,'2024-12-23','2024-12-31',45.27,'paid',NULL),
(1115,59,NULL,33,2,'2024-12-23','2024-12-30',75.18,'paid',NULL),
(1116,99,NULL,37,2,'2024-12-23','2024-12-27',51.01,'paid',NULL),
(1117,82,NULL,2,2,'2024-12-23','2024-12-29',48.56,'paid',NULL),
(1118,45,NULL,15,8,'2024-12-23','2024-12-31',29.74,'paid',NULL),
(1119,71,NULL,40,2,'2024-12-24','2024-12-31',57.96,'paid',NULL),
(1120,99,NULL,23,1,'2024-12-24','2024-12-31',23.82,'rejected','Prestataire hors reseau'),
(1121,115,NULL,38,8,'2024-12-24','2024-12-30',52.3,'paid',NULL),
(1122,178,NULL,14,6,'2024-12-24','2024-12-29',1139.85,'paid',NULL),
(1123,122,NULL,19,2,'2024-12-25','2024-12-31',66.79,'paid',NULL),
(1124,102,30,25,3,'2024-12-25','2024-12-30',37.6,'paid',NULL),
(1125,174,NULL,2,1,'2024-12-25','2024-12-30',20.58,'paid',NULL),
(1126,37,NULL,28,4,'2024-12-25','2024-12-27',131.99,'paid',NULL),
(1127,39,NULL,2,5,'2024-12-26','2024-12-29',170.83,'paid',NULL),
(1128,11,NULL,5,5,'2024-12-26','2024-12-31',145.03,'paid',NULL),
(1129,82,NULL,1,5,'2024-12-26','2024-12-31',301.25,'paid',NULL),
(1130,85,NULL,15,7,'2024-12-26','2024-12-30',44.06,'paid',NULL),
(1131,184,NULL,28,8,'2024-12-26','2024-12-29',42.61,'paid',NULL),
(1132,57,NULL,26,5,'2024-12-26','2024-12-31',232.86,'paid',NULL),
(1133,37,NULL,35,7,'2024-12-26','2024-12-31',35.94,'paid',NULL),
(1134,40,NULL,3,5,'2024-12-27','2024-12-31',240.57,'rejected','Document justificatif manquant'),
(1135,3,NULL,22,8,'2024-12-27','2024-12-30',55.38,'paid',NULL),
(1136,42,NULL,28,8,'2024-12-28','2024-12-31',36.58,'paid',NULL),
(1137,189,NULL,38,4,'2024-12-28','2024-12-31',133.58,'rejected','Soin non couvert par le contrat'),
(1138,191,NULL,7,7,'2024-12-28','2024-12-31',69.85,'paid',NULL),
(1139,9,NULL,35,5,'2024-12-29','2024-12-31',344.25,'paid',NULL),
(1140,147,NULL,14,6,'2024-12-29','2024-12-30',2242.85,'paid',NULL),
(1141,140,NULL,10,4,'2024-12-30','2024-12-31',164.14,'paid',NULL),
(1142,126,NULL,30,7,'2024-12-30','2024-12-31',71.14,'rejected','Plafond annuel de remboursement atteint'),
(1143,46,NULL,16,1,'2024-12-30','2024-12-31',27.98,'paid',NULL),
(1144,167,NULL,21,5,'2024-12-30','2024-12-31',271.73,'paid',NULL),
(1145,127,NULL,38,2,'2024-12-31','2024-12-31',50.41,'paid',NULL),
(1146,20,NULL,15,7,'2024-12-31','2024-12-31',49.45,'paid',NULL),
(1147,63,NULL,24,7,'2024-12-31','2024-12-31',40.7,'paid',NULL);

-- reimbursements
INSERT INTO reimbursements (reimbursement_id, claim_id, reimbursed_amount, payment_date) VALUES
(1,2,143.85,'2024-01-12'),
(2,3,1179.26,'2024-01-11'),
(3,4,0.26,'2024-01-09'),
(4,5,36.83,'2024-01-20'),
(5,6,1265.78,'2024-01-18'),
(6,7,1132.58,'2024-01-12'),
(7,8,16.81,'2024-01-12'),
(8,9,159.37,'2024-01-11'),
(9,10,1.74,'2024-01-20'),
(10,11,69.73,'2024-01-15'),
(11,12,23.44,'2024-01-12'),
(12,13,15.14,'2024-01-15'),
(13,14,1374.53,'2024-01-23'),
(14,16,21.41,'2024-01-30'),
(15,17,36.05,'2024-01-15'),
(16,18,21.01,'2024-01-14'),
(17,20,98.78,'2024-01-23'),
(18,22,80.89,'2024-01-28'),
(19,24,1.46,'2024-01-21'),
(20,25,36.51,'2024-01-18'),
(21,26,44.26,'2024-01-26'),
(22,29,19.12,'2024-01-16'),
(23,30,13.94,'2024-01-13'),
(24,31,19.87,'2024-01-16'),
(25,32,1500.0,'2024-01-25'),
(26,33,34.2,'2024-01-23'),
(27,34,959.91,'2024-01-20'),
(28,35,26.2,'2024-01-25'),
(29,36,187.16,'2024-01-29'),
(30,38,15.26,'2024-01-24'),
(31,39,44.2,'2024-01-27'),
(32,40,65.57,'2024-01-29'),
(33,41,69.92,'2024-01-22'),
(34,42,146.89,'2024-01-21'),
(35,43,54.46,'2024-01-31'),
(36,44,63.38,'2024-01-23'),
(37,45,6.11,'2024-01-25'),
(38,47,107.3,'2024-01-26'),
(39,48,67.67,'2024-01-26'),
(40,49,169.61,'2024-01-18'),
(41,50,22.67,'2024-02-06'),
(42,51,39.12,'2024-01-26'),
(43,52,112.59,'2024-01-29'),
(44,53,10.52,'2024-01-30'),
(45,54,47.8,'2024-02-03'),
(46,55,1069.69,'2024-01-22'),
(47,56,3.62,'2024-02-01'),
(48,57,9.08,'2024-02-01'),
(49,59,3.92,'2024-01-29'),
(50,60,1752.88,'2024-01-23'),
(51,64,4.56,'2024-01-22'),
(52,67,25.97,'2024-01-27'),
(53,68,4.62,'2024-01-28'),
(54,69,8.09,'2024-01-29'),
(55,70,989.98,'2024-01-24'),
(56,71,36.58,'2024-01-31'),
(57,72,32.18,'2024-01-29'),
(58,73,29.91,'2024-02-03'),
(59,74,121.22,'2024-01-31'),
(60,75,4.62,'2024-02-02'),
(61,79,3.85,'2024-02-01'),
(62,81,44.8,'2024-02-01'),
(63,82,1281.86,'2024-02-07'),
(64,83,57.0,'2024-02-10'),
(65,85,50.28,'2024-01-25'),
(66,87,30.25,'2024-02-05'),
(67,88,109.45,'2024-01-31'),
(68,94,79.63,'2024-02-07'),
(69,95,2051.09,'2024-02-07'),
(70,96,29.1,'2024-02-03'),
(71,97,27.48,'2024-02-02'),
(72,98,5.14,'2024-02-09'),
(73,99,28.48,'2024-02-10'),
(74,100,4.28,'2024-02-05'),
(75,101,19.88,'2024-02-10'),
(76,102,86.96,'2024-01-31'),
(77,103,59.01,'2024-02-08'),
(78,104,73.57,'2024-02-02'),
(79,105,83.61,'2024-01-31'),
(80,106,6.88,'2024-01-30'),
(81,108,143.14,'2024-02-04'),
(82,109,1182.14,'2024-02-04'),
(83,110,18.27,'2024-02-10'),
(84,111,18.8,'2024-02-11'),
(85,112,2053.82,'2024-02-11'),
(86,113,29.69,'2024-02-10'),
(87,114,15.84,'2024-02-06'),
(88,115,1222.61,'2024-02-07'),
(89,116,40.7,'2024-02-07'),
(90,117,133.55,'2024-02-01'),
(91,118,11.41,'2024-02-04'),
(92,121,2.27,'2024-02-08'),
(93,122,72.94,'2024-02-14'),
(94,123,2.05,'2024-02-20'),
(95,124,140.59,'2024-02-13'),
(96,125,180.22,'2024-02-08'),
(97,126,0.67,'2024-02-07'),
(98,127,26.3,'2024-02-09'),
(99,128,28.91,'2024-02-04'),
(100,129,62.03,'2024-02-08'),
(101,130,62.72,'2024-02-11'),
(102,131,34.74,'2024-02-16'),
(103,132,42.21,'2024-02-10'),
(104,133,8.76,'2024-02-13'),
(105,135,30.74,'2024-02-09'),
(106,136,1037.77,'2024-02-18'),
(107,137,66.62,'2024-02-21'),
(108,138,931.53,'2024-02-19'),
(109,139,43.8,'2024-02-05'),
(110,140,19.96,'2024-02-21'),
(111,143,16.87,'2024-02-12'),
(112,144,9.05,'2024-02-12'),
(113,145,38.4,'2024-02-13'),
(114,148,57.32,'2024-02-16'),
(115,149,24.02,'2024-02-18'),
(116,150,34.93,'2024-02-17'),
(117,151,15.52,'2024-02-10'),
(118,152,1.2,'2024-02-19'),
(119,153,25.63,'2024-02-23'),
(120,154,1500.0,'2024-02-11'),
(121,155,8.36,'2024-02-19'),
(122,156,26.23,'2024-02-12'),
(123,157,937.02,'2024-02-10'),
(124,158,2097.14,'2024-02-14'),
(125,159,0.07,'2024-02-23'),
(126,160,16.45,'2024-02-22'),
(127,161,32.95,'2024-02-17'),
(128,162,34.66,'2024-02-19'),
(129,163,136.88,'2024-02-08'),
(130,164,14.9,'2024-02-27'),
(131,165,37.52,'2024-02-23'),
(132,166,1560.66,'2024-02-24'),
(133,168,1914.5,'2024-02-26'),
(134,169,8.25,'2024-02-22'),
(135,170,161.38,'2024-02-29'),
(136,172,67.19,'2024-02-29'),
(137,173,39.57,'2024-02-20'),
(138,174,78.64,'2024-02-22'),
(139,175,32.33,'2024-02-18'),
(140,176,7.39,'2024-02-24'),
(141,177,63.38,'2024-02-23'),
(142,178,16.6,'2024-02-26'),
(143,180,1084.23,'2024-02-23'),
(144,182,77.68,'2024-02-17'),
(145,183,1.6,'2024-02-17'),
(146,184,22.98,'2024-02-20'),
(147,186,53.42,'2024-02-22'),
(148,187,1500.0,'2024-02-17'),
(149,188,64.94,'2024-02-16'),
(150,189,29.14,'2024-03-01'),
(151,191,1948.24,'2024-02-19'),
(152,192,146.87,'2024-02-16'),
(153,194,138.44,'2024-03-07'),
(154,195,9.94,'2024-02-27'),
(155,196,38.02,'2024-02-25'),
(156,197,24.96,'2024-02-21'),
(157,200,1490.95,'2024-03-05'),
(158,201,1756.07,'2024-02-28'),
(159,202,27.71,'2024-03-06'),
(160,203,203.95,'2024-03-01'),
(161,205,1155.01,'2024-03-02'),
(162,208,143.77,'2024-02-24'),
(163,209,11.36,'2024-02-24'),
(164,210,1461.18,'2024-03-02'),
(165,211,23.23,'2024-02-25'),
(166,212,205.03,'2024-03-09'),
(167,213,35.47,'2024-03-02'),
(168,214,26.5,'2024-03-03'),
(169,216,883.63,'2024-02-27'),
(170,218,47.32,'2024-03-12'),
(171,219,41.43,'2024-03-13'),
(172,220,53.51,'2024-02-27'),
(173,221,19.12,'2024-03-09'),
(174,222,14.21,'2024-02-28'),
(175,223,7.11,'2024-03-05'),
(176,224,35.06,'2024-02-26'),
(177,225,76.2,'2024-03-03'),
(178,226,77.44,'2024-03-14'),
(179,227,116.8,'2024-03-15'),
(180,228,92.66,'2024-03-06'),
(181,229,1.1,'2024-03-10'),
(182,230,26.29,'2024-03-03'),
(183,235,10.83,'2024-03-08'),
(184,236,40.11,'2024-03-17'),
(185,238,84.73,'2024-03-15'),
(186,239,126.82,'2024-03-14'),
(187,240,24.52,'2024-03-14'),
(188,241,57.66,'2024-03-12'),
(189,244,144.91,'2024-03-12'),
(190,245,88.28,'2024-03-10'),
(191,250,3.06,'2024-03-17'),
(192,251,822.54,'2024-03-13'),
(193,252,34.73,'2024-03-17'),
(194,253,2.38,'2024-03-19'),
(195,254,137.29,'2024-03-09'),
(196,255,100.78,'2024-03-03'),
(197,256,62.47,'2024-03-08'),
(198,257,35.74,'2024-03-14'),
(199,258,66.29,'2024-03-12'),
(200,259,2137.5,'2024-03-16'),
(201,260,111.16,'2024-03-13'),
(202,261,19.57,'2024-03-08'),
(203,262,30.76,'2024-03-10'),
(204,265,30.88,'2024-03-24'),
(205,266,163.35,'2024-03-21'),
(206,268,40.79,'2024-03-24'),
(207,269,9.67,'2024-03-24'),
(208,270,1717.55,'2024-03-17'),
(209,271,37.73,'2024-03-17'),
(210,272,6.37,'2024-03-19'),
(211,273,22.48,'2024-03-23'),
(212,274,932.13,'2024-03-20'),
(213,276,1020.99,'2024-03-24'),
(214,277,22.06,'2024-03-27'),
(215,278,0.72,'2024-03-11'),
(216,279,181.23,'2024-03-22'),
(217,280,2.36,'2024-03-15'),
(218,281,1386.21,'2024-03-25'),
(219,283,8.1,'2024-03-19'),
(220,286,166.81,'2024-03-23'),
(221,287,55.49,'2024-03-30'),
(222,288,1029.67,'2024-03-22'),
(223,291,106.84,'2024-03-26'),
(224,292,131.75,'2024-03-26'),
(225,293,33.62,'2024-03-23'),
(226,294,36.67,'2024-03-29'),
(227,295,34.5,'2024-03-27'),
(228,296,1634.83,'2024-03-23'),
(229,297,18.52,'2024-04-01'),
(230,299,9.16,'2024-03-23'),
(231,300,4.47,'2024-03-25'),
(232,301,28.65,'2024-03-25'),
(233,303,83.33,'2024-03-27'),
(234,304,134.21,'2024-03-25'),
(235,305,17.35,'2024-04-07'),
(236,306,3.05,'2024-03-27'),
(237,307,13.01,'2024-03-28'),
(238,308,1540.51,'2024-04-02'),
(239,309,14.26,'2024-03-31'),
(240,310,39.91,'2024-04-02'),
(241,311,2084.97,'2024-03-28'),
(242,312,19.09,'2024-04-03'),
(243,313,19.01,'2024-03-25'),
(244,314,32.66,'2024-03-26'),
(245,317,1330.62,'2024-04-05'),
(246,318,10.54,'2024-04-02'),
(247,319,25.93,'2024-04-03'),
(248,320,31.88,'2024-04-06'),
(249,321,1172.56,'2024-03-24'),
(250,322,21.05,'2024-03-28'),
(251,326,46.45,'2024-03-26'),
(252,328,0.46,'2024-03-31'),
(253,329,68.83,'2024-03-28'),
(254,333,9.13,'2024-04-01'),
(255,334,51.68,'2024-04-10'),
(256,335,43.59,'2024-04-11'),
(257,336,48.09,'2024-04-02'),
(258,337,31.61,'2024-04-01'),
(259,338,1854.8,'2024-03-28'),
(260,339,51.33,'2024-04-13'),
(261,340,24.65,'2024-03-28'),
(262,341,19.95,'2024-04-02'),
(263,342,177.71,'2024-03-30'),
(264,343,15.19,'2024-04-18'),
(265,344,172.08,'2024-03-29'),
(266,345,75.73,'2024-04-01'),
(267,346,15.35,'2024-04-05'),
(268,347,62.04,'2024-04-14'),
(269,348,56.39,'2024-04-06'),
(270,349,26.75,'2024-04-20'),
(271,350,5.36,'2024-04-05'),
(272,351,147.61,'2024-04-10'),
(273,352,45.12,'2024-04-04'),
(274,353,29.68,'2024-04-13'),
(275,354,13.46,'2024-04-11'),
(276,355,19.55,'2024-04-09'),
(277,356,19.72,'2024-04-08'),
(278,357,136.49,'2024-04-06'),
(279,358,153.28,'2024-04-11'),
(280,359,5.5,'2024-04-06'),
(281,360,1531.68,'2024-04-17'),
(282,361,58.09,'2024-04-11'),
(283,362,84.81,'2024-04-19'),
(284,363,20.77,'2024-04-13'),
(285,364,35.6,'2024-04-12'),
(286,368,1.7,'2024-04-14'),
(287,369,1080.34,'2024-04-13'),
(288,370,34.56,'2024-04-15'),
(289,373,92.99,'2024-04-20'),
(290,374,28.76,'2024-04-21'),
(291,375,1.71,'2024-04-09'),
(292,376,1500.0,'2024-04-18'),
(293,377,42.87,'2024-04-26'),
(294,378,29.7,'2024-04-27'),
(295,379,21.49,'2024-04-14'),
(296,380,18.77,'2024-04-20'),
(297,382,2.74,'2024-04-13'),
(298,384,5.48,'2024-05-01'),
(299,385,1.3,'2024-04-16'),
(300,386,14.62,'2024-04-18'),
(301,387,190.53,'2024-04-25'),
(302,388,2026.38,'2024-04-19'),
(303,389,138.94,'2024-04-25'),
(304,390,3.27,'2024-04-24'),
(305,391,4.55,'2024-04-19'),
(306,392,62.81,'2024-04-30'),
(307,393,32.41,'2024-04-26'),
(308,394,4.87,'2024-04-25'),
(309,395,1577.58,'2024-05-02'),
(310,396,0.71,'2024-04-19'),
(311,397,83.89,'2024-04-28'),
(312,398,16.33,'2024-04-26'),
(313,400,17.26,'2024-05-02'),
(314,401,26.84,'2024-04-22'),
(315,402,419.66,'2024-05-01'),
(316,404,17.96,'2024-05-08'),
(317,405,26.97,'2024-05-03'),
(318,406,47.07,'2024-05-02'),
(319,407,21.26,'2024-05-01'),
(320,408,2.27,'2024-05-05'),
(321,410,28.9,'2024-04-29'),
(322,413,0.8,'2024-04-30'),
(323,415,1473.8,'2024-05-12'),
(324,416,48.52,'2024-05-04'),
(325,417,56.67,'2024-05-07'),
(326,418,2.71,'2024-04-30'),
(327,419,30.5,'2024-04-26'),
(328,420,12.52,'2024-04-28'),
(329,421,17.79,'2024-05-08'),
(330,423,37.15,'2024-05-09'),
(331,425,5.71,'2024-05-06'),
(332,427,1229.74,'2024-05-14'),
(333,428,853.75,'2024-05-03'),
(334,429,191.35,'2024-05-08'),
(335,431,70.92,'2024-05-11'),
(336,432,1342.49,'2024-05-12'),
(337,434,6.52,'2024-05-14'),
(338,435,90.14,'2024-05-07'),
(339,436,8.63,'2024-05-02'),
(340,437,13.82,'2024-05-14'),
(341,439,1475.35,'2024-05-11'),
(342,441,50.92,'2024-05-18'),
(343,442,21.13,'2024-05-24'),
(344,443,10.58,'2024-05-20'),
(345,445,22.13,'2024-05-17'),
(346,448,886.51,'2024-05-06'),
(347,449,6.25,'2024-05-17'),
(348,450,20.4,'2024-05-14'),
(349,451,54.29,'2024-05-14'),
(350,452,84.64,'2024-05-11'),
(351,453,13.15,'2024-05-23'),
(352,454,21.65,'2024-05-09'),
(353,456,37.04,'2024-05-15'),
(354,457,1632.04,'2024-05-23'),
(355,458,8.99,'2024-05-26'),
(356,459,25.63,'2024-05-16'),
(357,460,24.38,'2024-05-23'),
(358,461,25.66,'2024-05-24'),
(359,463,33.16,'2024-05-23'),
(360,465,1873.39,'2024-05-20'),
(361,466,81.23,'2024-05-24'),
(362,467,18.98,'2024-05-26'),
(363,468,37.3,'2024-05-29'),
(364,469,1445.9,'2024-05-25'),
(365,470,171.65,'2024-05-20'),
(366,471,45.92,'2024-05-20'),
(367,472,60.96,'2024-05-24'),
(368,473,8.91,'2024-05-28'),
(369,477,27.19,'2024-05-28'),
(370,478,17.51,'2024-05-29'),
(371,479,27.33,'2024-06-03'),
(372,480,17.06,'2024-06-06'),
(373,481,29.86,'2024-06-02'),
(374,483,28.5,'2024-06-02'),
(375,484,6.03,'2024-05-31'),
(376,485,1997.45,'2024-05-25'),
(377,486,10.32,'2024-06-05'),
(378,487,1009.16,'2024-05-31'),
(379,489,13.93,'2024-05-25'),
(380,491,4.87,'2024-06-02'),
(381,493,114.22,'2024-06-05'),
(382,494,61.07,'2024-05-31'),
(383,496,28.58,'2024-05-28'),
(384,498,58.51,'2024-06-01'),
(385,499,30.87,'2024-06-05'),
(386,500,26.59,'2024-06-02'),
(387,501,105.19,'2024-05-30'),
(388,502,26.09,'2024-05-29'),
(389,503,1030.01,'2024-05-26'),
(390,504,1324.25,'2024-06-14'),
(391,505,17.56,'2024-06-03'),
(392,506,18.63,'2024-06-10'),
(393,507,1064.61,'2024-06-09'),
(394,508,40.69,'2024-06-01'),
(395,509,18.5,'2024-06-08'),
(396,511,22.17,'2024-06-10'),
(397,512,2.28,'2024-06-01'),
(398,513,13.8,'2024-06-15'),
(399,516,21.05,'2024-06-07'),
(400,517,17.04,'2024-06-12');

INSERT INTO reimbursements (reimbursement_id, claim_id, reimbursed_amount, payment_date) VALUES
(401,518,150.37,'2024-06-14'),
(402,520,76.09,'2024-06-04'),
(403,521,10.13,'2024-06-08'),
(404,522,19.52,'2024-06-11'),
(405,524,20.35,'2024-06-08'),
(406,525,26.24,'2024-06-20'),
(407,526,17.73,'2024-06-02'),
(408,530,1093.82,'2024-06-21'),
(409,532,12.06,'2024-06-10'),
(410,533,3.44,'2024-06-19'),
(411,534,8.12,'2024-06-05'),
(412,536,35.6,'2024-06-15'),
(413,538,178.63,'2024-06-06'),
(414,540,37.09,'2024-06-18'),
(415,541,31.51,'2024-06-15'),
(416,542,57.89,'2024-06-13'),
(417,543,14.59,'2024-06-21'),
(418,544,2.45,'2024-06-21'),
(419,545,117.7,'2024-06-22'),
(420,547,167.85,'2024-06-07'),
(421,548,172.18,'2024-06-17'),
(422,549,59.81,'2024-06-17'),
(423,551,92.01,'2024-06-24'),
(424,554,19.8,'2024-06-10'),
(425,555,1007.3,'2024-06-12'),
(426,556,46.39,'2024-06-25'),
(427,557,10.24,'2024-06-19'),
(428,558,1497.16,'2024-06-25'),
(429,559,836.31,'2024-06-19'),
(430,560,49.01,'2024-06-13'),
(431,562,11.0,'2024-07-01'),
(432,563,21.02,'2024-06-24'),
(433,564,1.46,'2024-06-15'),
(434,565,12.2,'2024-06-21'),
(435,566,15.8,'2024-06-25'),
(436,567,56.55,'2024-06-23'),
(437,568,103.49,'2024-06-25'),
(438,569,981.58,'2024-06-20'),
(439,570,53.53,'2024-06-18'),
(440,571,53.37,'2024-06-26'),
(441,573,27.31,'2024-06-19'),
(442,576,86.34,'2024-07-05'),
(443,577,27.4,'2024-06-30'),
(444,578,19.39,'2024-07-03'),
(445,580,83.92,'2024-07-02'),
(446,582,154.65,'2024-06-25'),
(447,583,6.85,'2024-06-25'),
(448,585,19.55,'2024-06-30'),
(449,586,136.28,'2024-07-01'),
(450,587,1477.68,'2024-07-03'),
(451,588,4.34,'2024-07-06'),
(452,589,41.05,'2024-07-02'),
(453,590,1451.39,'2024-06-28'),
(454,591,133.75,'2024-07-06'),
(455,592,28.68,'2024-07-08'),
(456,595,9.63,'2024-07-06'),
(457,598,89.0,'2024-07-02'),
(458,599,41.27,'2024-06-29'),
(459,600,28.4,'2024-06-28'),
(460,601,164.02,'2024-07-03'),
(461,602,51.52,'2024-07-04'),
(462,603,0.8,'2024-06-29'),
(463,604,1363.51,'2024-07-10'),
(464,605,139.16,'2024-07-13'),
(465,606,2.24,'2024-07-11'),
(466,607,22.71,'2024-07-03'),
(467,608,6.71,'2024-07-08'),
(468,612,39.22,'2024-07-02'),
(469,613,54.2,'2024-07-09'),
(470,615,22.43,'2024-07-05'),
(471,616,1.62,'2024-07-06'),
(472,617,27.18,'2024-07-09'),
(473,618,2.77,'2024-07-09'),
(474,619,131.71,'2024-07-15'),
(475,620,35.1,'2024-07-01'),
(476,621,186.24,'2024-07-09'),
(477,622,6.76,'2024-07-06'),
(478,624,45.78,'2024-07-12'),
(479,625,23.09,'2024-07-13'),
(480,626,40.97,'2024-07-21'),
(481,628,168.28,'2024-07-23'),
(482,629,1142.11,'2024-07-17'),
(483,630,103.35,'2024-07-17'),
(484,631,92.36,'2024-07-23'),
(485,633,145.06,'2024-07-09'),
(486,634,141.21,'2024-07-15'),
(487,638,12.03,'2024-07-18'),
(488,639,163.38,'2024-07-19'),
(489,640,9.49,'2024-07-23'),
(490,641,106.63,'2024-07-17'),
(491,642,30.52,'2024-07-11'),
(492,643,61.47,'2024-07-15'),
(493,644,33.98,'2024-07-14'),
(494,646,11.58,'2024-07-22'),
(495,647,1492.58,'2024-07-26'),
(496,648,1509.03,'2024-07-25'),
(497,649,189.73,'2024-07-30'),
(498,650,278.33,'2024-07-25'),
(499,651,25.96,'2024-07-25'),
(500,652,3.02,'2024-07-17'),
(501,654,23.53,'2024-07-29'),
(502,657,468.21,'2024-08-01'),
(503,658,120.04,'2024-07-27'),
(504,661,2.91,'2024-07-28'),
(505,662,1601.6,'2024-08-05'),
(506,664,20.54,'2024-08-06'),
(507,665,167.72,'2024-08-02'),
(508,666,1.02,'2024-07-24'),
(509,667,20.9,'2024-08-11'),
(510,668,14.62,'2024-07-31'),
(511,671,1274.96,'2024-07-30'),
(512,672,36.35,'2024-08-02'),
(513,673,85.56,'2024-07-29'),
(514,674,59.09,'2024-08-06'),
(515,676,21.07,'2024-07-31'),
(516,677,1989.75,'2024-07-28'),
(517,678,93.38,'2024-07-26'),
(518,679,3.65,'2024-07-29'),
(519,680,39.41,'2024-08-05'),
(520,681,17.39,'2024-08-06'),
(521,682,1851.38,'2024-08-18'),
(522,683,0.78,'2024-08-03'),
(523,684,134.14,'2024-08-07'),
(524,685,23.57,'2024-08-07'),
(525,687,3.73,'2024-08-19'),
(526,690,20.21,'2024-08-10'),
(527,691,45.19,'2024-08-08'),
(528,692,62.47,'2024-08-14'),
(529,694,32.26,'2024-08-17'),
(530,696,10.1,'2024-08-23'),
(531,697,18.91,'2024-08-08'),
(532,699,33.36,'2024-08-12'),
(533,700,115.02,'2024-08-19'),
(534,701,6.55,'2024-08-17'),
(535,703,1346.7,'2024-08-21'),
(536,704,131.89,'2024-08-26'),
(537,705,27.94,'2024-09-01'),
(538,706,2.59,'2024-08-29'),
(539,707,45.73,'2024-08-24'),
(540,709,15.22,'2024-08-27'),
(541,710,25.85,'2024-08-30'),
(542,712,15.18,'2024-09-05'),
(543,713,1176.5,'2024-08-22'),
(544,715,1.12,'2024-08-28'),
(545,716,440.25,'2024-08-22'),
(546,717,18.86,'2024-09-08'),
(547,718,146.3,'2024-08-27'),
(548,719,35.63,'2024-09-06'),
(549,720,60.9,'2024-09-03'),
(550,722,14.61,'2024-08-27'),
(551,723,82.7,'2024-09-05'),
(552,725,51.03,'2024-09-13'),
(553,726,2105.07,'2024-09-04'),
(554,728,1237.52,'2024-09-10'),
(555,730,61.33,'2024-09-13'),
(556,731,24.83,'2024-09-12'),
(557,733,26.67,'2024-09-16'),
(558,737,7.2,'2024-09-21'),
(559,738,14.01,'2024-09-12'),
(560,739,21.59,'2024-09-12'),
(561,740,6.76,'2024-09-18'),
(562,742,71.1,'2024-09-17'),
(563,743,33.4,'2024-09-15'),
(564,744,13.91,'2024-09-18'),
(565,745,1522.86,'2024-09-14'),
(566,746,20.46,'2024-09-18'),
(567,748,9.32,'2024-09-21'),
(568,749,97.2,'2024-09-23'),
(569,750,54.29,'2024-09-22'),
(570,751,34.42,'2024-09-15'),
(571,752,14.91,'2024-09-28'),
(572,753,9.59,'2024-09-27'),
(573,754,71.01,'2024-09-16'),
(574,755,1493.45,'2024-09-20'),
(575,756,120.17,'2024-09-27'),
(576,757,15.9,'2024-09-17'),
(577,758,0.47,'2024-09-27'),
(578,759,2.77,'2024-09-23'),
(579,760,46.31,'2024-09-16'),
(580,761,39.32,'2024-09-22'),
(581,762,89.27,'2024-09-22'),
(582,763,997.51,'2024-09-28'),
(583,764,84.31,'2024-09-23'),
(584,765,22.25,'2024-09-29'),
(585,766,46.55,'2024-09-17'),
(586,767,57.98,'2024-09-27'),
(587,768,39.81,'2024-09-27'),
(588,769,89.83,'2024-10-03'),
(589,770,119.96,'2024-09-27'),
(590,774,40.4,'2024-09-28'),
(591,775,23.84,'2024-09-22'),
(592,776,11.18,'2024-09-30'),
(593,777,1047.87,'2024-09-29'),
(594,779,1022.8,'2024-09-27'),
(595,780,46.35,'2024-10-01'),
(596,781,22.61,'2024-09-30'),
(597,782,913.13,'2024-09-26'),
(598,783,0.97,'2024-10-06'),
(599,784,86.16,'2024-10-01'),
(600,785,1433.22,'2024-10-02'),
(601,786,17.84,'2024-10-04'),
(602,788,30.16,'2024-09-30'),
(603,789,0.83,'2024-09-29'),
(604,791,36.05,'2024-09-21'),
(605,792,2083.51,'2024-10-01'),
(606,794,15.74,'2024-09-23'),
(607,796,124.0,'2024-10-13'),
(608,797,20.06,'2024-10-06'),
(609,798,56.63,'2024-10-02'),
(610,803,824.26,'2024-10-07'),
(611,804,2015.31,'2024-10-03'),
(612,805,21.27,'2024-10-09'),
(613,806,1150.59,'2024-10-06'),
(614,807,912.21,'2024-10-12'),
(615,809,2.45,'2024-10-10'),
(616,810,47.38,'2024-10-15'),
(617,812,177.49,'2024-10-15'),
(618,813,47.6,'2024-10-14'),
(619,815,110.63,'2024-10-14'),
(620,816,10.2,'2024-10-08'),
(621,817,20.56,'2024-10-07'),
(622,818,33.36,'2024-10-06'),
(623,820,18.96,'2024-10-06'),
(624,821,27.32,'2024-10-13'),
(625,823,19.0,'2024-10-13'),
(626,824,56.34,'2024-10-20'),
(627,825,24.79,'2024-10-13'),
(628,826,1.29,'2024-10-20'),
(629,829,77.77,'2024-10-10'),
(630,831,36.5,'2024-10-12'),
(631,833,15.16,'2024-10-13'),
(632,834,3.52,'2024-10-21'),
(633,835,33.98,'2024-10-15'),
(634,836,39.43,'2024-10-20'),
(635,837,17.12,'2024-10-27'),
(636,838,10.25,'2024-10-19'),
(637,839,1414.07,'2024-10-26'),
(638,841,89.42,'2024-10-27'),
(639,842,0.83,'2024-10-22'),
(640,843,28.88,'2024-10-23'),
(641,844,5.15,'2024-10-31'),
(642,845,36.25,'2024-10-24'),
(643,848,27.71,'2024-10-19'),
(644,849,1.69,'2024-10-23'),
(645,850,977.99,'2024-10-26'),
(646,851,30.01,'2024-10-27'),
(647,852,17.29,'2024-10-25'),
(648,854,14.83,'2024-11-03'),
(649,855,10.12,'2024-11-01'),
(650,856,34.16,'2024-11-02'),
(651,857,37.83,'2024-11-02'),
(652,858,74.58,'2024-10-23'),
(653,859,1756.52,'2024-10-25'),
(654,860,46.62,'2024-10-29'),
(655,861,78.72,'2024-10-30'),
(656,862,1.6,'2024-10-29'),
(657,863,184.32,'2024-10-28'),
(658,864,43.34,'2024-10-30'),
(659,865,19.92,'2024-11-06'),
(660,867,105.43,'2024-10-29'),
(661,868,1328.81,'2024-11-03'),
(662,869,232.51,'2024-11-01'),
(663,870,10.67,'2024-10-25'),
(664,874,38.15,'2024-11-06'),
(665,876,1.85,'2024-11-04'),
(666,877,30.14,'2024-10-30'),
(667,878,1465.71,'2024-11-04'),
(668,881,179.63,'2024-10-30'),
(669,882,84.53,'2024-11-13'),
(670,884,91.66,'2024-11-02'),
(671,886,15.89,'2024-11-10'),
(672,889,12.26,'2024-11-07'),
(673,891,7.74,'2024-11-07'),
(674,892,18.91,'2024-11-08'),
(675,894,81.53,'2024-11-11'),
(676,895,7.54,'2024-11-01'),
(677,896,81.64,'2024-11-06'),
(678,899,14.62,'2024-11-11'),
(679,901,24.86,'2024-11-16'),
(680,907,2.78,'2024-11-13'),
(681,908,10.22,'2024-11-13'),
(682,909,18.05,'2024-11-18'),
(683,910,1211.33,'2024-11-18'),
(684,911,1306.86,'2024-11-07'),
(685,912,39.56,'2024-11-19'),
(686,915,88.64,'2024-11-19'),
(687,917,34.94,'2024-11-13'),
(688,919,6.4,'2024-11-21'),
(689,921,9.19,'2024-11-23'),
(690,922,24.91,'2024-11-18'),
(691,923,53.86,'2024-11-19'),
(692,925,15.2,'2024-11-14'),
(693,926,122.64,'2024-11-18'),
(694,928,17.84,'2024-11-28'),
(695,929,45.67,'2024-11-20'),
(696,930,164.12,'2024-12-01'),
(697,931,1259.44,'2024-11-27'),
(698,932,16.31,'2024-11-18'),
(699,933,12.2,'2024-11-14'),
(700,934,1181.09,'2024-11-21'),
(701,935,61.34,'2024-11-19'),
(702,936,21.55,'2024-11-22'),
(703,937,1511.52,'2024-11-23'),
(704,938,22.45,'2024-11-21'),
(705,943,25.77,'2024-11-23'),
(706,944,83.61,'2024-12-05'),
(707,945,19.79,'2024-11-26'),
(708,947,31.99,'2024-12-06'),
(709,948,7.43,'2024-11-24'),
(710,950,1499.03,'2024-11-25'),
(711,951,0.32,'2024-12-05'),
(712,952,47.14,'2024-12-04'),
(713,953,19.07,'2024-11-23'),
(714,954,1124.65,'2024-12-03'),
(715,957,57.18,'2024-11-30'),
(716,962,21.05,'2024-11-26'),
(717,964,25.55,'2024-11-26'),
(718,965,51.84,'2024-12-09'),
(719,966,68.84,'2024-11-30'),
(720,967,964.77,'2024-12-02'),
(721,968,35.07,'2024-12-09'),
(722,970,1.88,'2024-11-25'),
(723,971,19.73,'2024-12-01'),
(724,972,12.58,'2024-12-02'),
(725,974,19.76,'2024-12-10'),
(726,976,59.26,'2024-11-24'),
(727,978,29.1,'2024-12-02'),
(728,981,10.28,'2024-12-03'),
(729,982,18.15,'2024-11-30'),
(730,983,9.79,'2024-12-14'),
(731,985,23.75,'2024-12-08'),
(732,986,32.51,'2024-12-03'),
(733,987,18.08,'2024-12-02'),
(734,988,14.55,'2024-12-05'),
(735,989,76.7,'2024-12-16'),
(736,990,14.94,'2024-11-27'),
(737,991,33.16,'2024-12-11'),
(738,998,10.09,'2024-12-08'),
(739,1000,1439.23,'2024-12-08'),
(740,1001,17.37,'2024-12-12'),
(741,1002,102.5,'2024-12-16'),
(742,1004,41.8,'2024-12-10'),
(743,1005,19.46,'2024-12-11'),
(744,1006,119.2,'2024-12-10'),
(745,1007,25.56,'2024-12-11'),
(746,1008,11.71,'2024-12-12'),
(747,1010,5.81,'2024-12-16'),
(748,1011,8.66,'2024-12-12'),
(749,1012,1736.56,'2024-12-10'),
(750,1013,1457.06,'2024-12-09'),
(751,1014,171.44,'2024-12-11'),
(752,1016,3.68,'2024-12-06'),
(753,1018,72.58,'2024-12-20'),
(754,1020,21.02,'2024-12-17'),
(755,1021,30.31,'2024-12-16'),
(756,1022,2099.02,'2024-12-15'),
(757,1023,14.6,'2024-12-20'),
(758,1024,42.92,'2024-12-14'),
(759,1025,120.28,'2024-12-14'),
(760,1027,50.16,'2024-12-18'),
(761,1028,31.3,'2024-12-14'),
(762,1029,23.75,'2024-12-22'),
(763,1030,35.07,'2024-12-07'),
(764,1031,33.28,'2024-12-11'),
(765,1032,20.05,'2024-12-19'),
(766,1033,14.96,'2024-12-23'),
(767,1034,120.66,'2024-12-21'),
(768,1037,1.96,'2024-12-15'),
(769,1039,1209.3,'2024-12-17'),
(770,1040,0.59,'2024-12-13'),
(771,1041,15.33,'2024-12-19'),
(772,1042,23.0,'2024-12-18'),
(773,1043,2047.01,'2024-12-26'),
(774,1044,58.3,'2024-12-08'),
(775,1045,116.98,'2024-12-24'),
(776,1046,54.17,'2024-12-24'),
(777,1050,189.4,'2024-12-15'),
(778,1051,24.52,'2024-12-24'),
(779,1052,16.35,'2024-12-21'),
(780,1053,58.75,'2024-12-29'),
(781,1054,27.61,'2024-12-26'),
(782,1055,6.26,'2024-12-16'),
(783,1056,19.88,'2024-12-27'),
(784,1057,10.75,'2024-12-21'),
(785,1059,31.05,'2024-12-23'),
(786,1060,13.71,'2024-12-28'),
(787,1061,22.81,'2024-12-13'),
(788,1062,14.36,'2024-12-14'),
(789,1065,16.11,'2024-12-22'),
(790,1067,1480.04,'2024-12-15'),
(791,1068,27.22,'2024-12-23'),
(792,1069,159.27,'2024-12-26'),
(793,1070,35.3,'2024-12-24'),
(794,1072,57.72,'2024-12-18'),
(795,1073,4.3,'2024-12-22'),
(796,1075,1.32,'2024-12-31'),
(797,1076,2094.83,'2024-12-26'),
(798,1077,41.87,'2024-12-27'),
(799,1078,33.52,'2024-12-31'),
(800,1079,2.33,'2024-12-30');

INSERT INTO reimbursements (reimbursement_id, claim_id, reimbursed_amount, payment_date) VALUES
(801,1080,1161.66,'2024-12-31'),
(802,1081,1100.7,'2024-12-31'),
(803,1082,35.65,'2024-12-27'),
(804,1084,56.01,'2024-12-31'),
(805,1085,22.25,'2024-12-31'),
(806,1088,81.2,'2024-12-31'),
(807,1090,21.88,'2024-12-29'),
(808,1091,824.89,'2024-12-31'),
(809,1092,80.19,'2024-12-27'),
(810,1093,20.58,'2024-12-31'),
(811,1094,14.5,'2024-12-31'),
(812,1095,34.63,'2024-12-27'),
(813,1096,76.95,'2024-12-27'),
(814,1097,8.88,'2024-12-31'),
(815,1098,65.25,'2024-12-31'),
(816,1100,66.22,'2024-12-31'),
(817,1101,34.7,'2024-12-31'),
(818,1102,5.52,'2024-12-31'),
(819,1103,55.29,'2024-12-31'),
(820,1104,37.69,'2024-12-31'),
(821,1105,42.63,'2024-12-31'),
(822,1108,135.05,'2024-12-31'),
(823,1109,18.93,'2024-12-31'),
(824,1110,19.87,'2024-12-31'),
(825,1111,93.65,'2024-12-31'),
(826,1112,1594.99,'2024-12-31'),
(827,1113,1031.75,'2024-12-31'),
(828,1115,31.63,'2024-12-31'),
(829,1116,0.71,'2024-12-31'),
(830,1117,33.99,'2024-12-31'),
(831,1119,19.57,'2024-12-31'),
(832,1121,13.38,'2024-12-31'),
(833,1122,887.88,'2024-12-31'),
(834,1123,46.75,'2024-12-31'),
(835,1124,24.44,'2024-12-31'),
(836,1126,50.99,'2024-12-31'),
(837,1127,84.5,'2024-12-31'),
(838,1128,69.02,'2024-12-31'),
(839,1129,180.75,'2024-12-31'),
(840,1131,25.57,'2024-12-31'),
(841,1132,139.72,'2024-12-31'),
(842,1133,3.56,'2024-12-31'),
(843,1135,15.23,'2024-12-31'),
(844,1136,3.95,'2024-12-31'),
(845,1138,23.91,'2024-12-31'),
(846,1139,188.55,'2024-12-31'),
(847,1140,1609.24,'2024-12-31'),
(848,1141,82.07,'2024-12-31'),
(849,1144,145.04,'2024-12-31'),
(850,1145,14.29,'2024-12-31'),
(851,1146,29.67,'2024-12-31'),
(852,1147,24.42,'2024-12-31');

-- premium_payments
INSERT INTO premium_payments (payment_id, policy_id, payment_date, amount_paid) VALUES
(1,2,'2024-01-01',49.9),
(2,2,'2024-02-01',49.9),
(3,2,'2024-03-01',49.9),
(4,2,'2024-04-01',49.9),
(5,2,'2024-05-01',49.9),
(6,2,'2024-06-01',49.9),
(7,2,'2024-07-01',49.9),
(8,2,'2024-08-01',49.9),
(9,2,'2024-09-01',49.9),
(10,2,'2024-10-01',49.9),
(11,2,'2024-11-01',49.9),
(12,2,'2024-12-01',49.9),
(13,3,'2024-01-01',49.9),
(14,3,'2024-02-01',49.9),
(15,3,'2024-03-01',49.9),
(16,3,'2024-04-01',49.9),
(17,3,'2024-05-01',49.9),
(18,3,'2024-06-01',49.9),
(19,3,'2024-07-01',49.9),
(20,3,'2024-08-01',49.9),
(21,3,'2024-09-01',49.9),
(22,3,'2024-10-01',49.9),
(23,3,'2024-11-01',49.9),
(24,3,'2024-12-01',49.9),
(25,4,'2024-01-01',49.9),
(26,4,'2024-02-01',49.9),
(27,4,'2024-03-01',49.9),
(28,4,'2024-04-01',49.9),
(29,4,'2024-05-01',49.9),
(30,4,'2024-06-01',49.9),
(31,4,'2024-07-01',49.9),
(32,4,'2024-08-01',49.9),
(33,4,'2024-09-01',49.9),
(34,4,'2024-10-01',49.9),
(35,4,'2024-11-01',49.9),
(36,4,'2024-12-01',49.9),
(37,5,'2024-01-01',49.9),
(38,5,'2024-02-01',49.9),
(39,5,'2024-03-01',49.9),
(40,5,'2024-04-01',49.9),
(41,5,'2024-05-01',49.9),
(42,5,'2024-06-01',49.9),
(43,5,'2024-07-01',49.9),
(44,5,'2024-08-01',49.9),
(45,5,'2024-09-01',49.9),
(46,5,'2024-10-01',49.9),
(47,5,'2024-11-01',49.9),
(48,5,'2024-12-01',49.9),
(49,6,'2024-01-01',49.9),
(50,6,'2024-02-01',49.9),
(51,6,'2024-03-01',49.9),
(52,6,'2024-04-01',49.9),
(53,6,'2024-05-01',49.9),
(54,6,'2024-06-01',49.9),
(55,6,'2024-07-01',49.9),
(56,6,'2024-08-01',49.9),
(57,6,'2024-09-01',49.9),
(58,6,'2024-10-01',49.9),
(59,6,'2024-11-01',49.9),
(60,6,'2024-12-01',49.9),
(61,9,'2024-01-01',49.9),
(62,9,'2024-02-01',49.9),
(63,9,'2024-03-01',49.9),
(64,9,'2024-04-01',49.9),
(65,9,'2024-05-01',49.9),
(66,9,'2024-06-01',49.9),
(67,9,'2024-07-01',49.9),
(68,9,'2024-08-01',49.9),
(69,9,'2024-09-01',49.9),
(70,9,'2024-10-01',49.9),
(71,9,'2024-11-01',49.9),
(72,9,'2024-12-01',49.9),
(73,10,'2024-01-01',49.9),
(74,10,'2024-02-01',49.9),
(75,10,'2024-03-01',49.9),
(76,10,'2024-04-01',49.9),
(77,10,'2024-05-01',49.9),
(78,10,'2024-06-01',49.9),
(79,10,'2024-07-01',49.9),
(80,10,'2024-08-01',49.9),
(81,10,'2024-09-01',49.9),
(82,10,'2024-10-01',49.9),
(83,10,'2024-11-01',49.9),
(84,10,'2024-12-01',49.9),
(85,11,'2024-01-01',49.9),
(86,11,'2024-02-01',49.9),
(87,11,'2024-03-01',49.9),
(88,11,'2024-04-01',49.9),
(89,11,'2024-05-01',49.9),
(90,11,'2024-06-01',49.9),
(91,11,'2024-07-01',49.9),
(92,11,'2024-08-01',49.9),
(93,11,'2024-09-01',49.9),
(94,11,'2024-10-01',49.9),
(95,11,'2024-11-01',49.9),
(96,11,'2024-12-01',49.9),
(97,13,'2024-01-01',49.9),
(98,13,'2024-02-01',49.9),
(99,13,'2024-03-01',49.9),
(100,13,'2024-04-01',49.9),
(101,13,'2024-05-01',49.9),
(102,13,'2024-06-01',49.9),
(103,13,'2024-07-01',49.9),
(104,13,'2024-08-01',49.9),
(105,13,'2024-09-01',49.9),
(106,13,'2024-10-01',49.9),
(107,13,'2024-11-01',49.9),
(108,13,'2024-12-01',49.9),
(109,14,'2024-01-01',89.9),
(110,14,'2024-02-01',89.9),
(111,14,'2024-03-01',89.9),
(112,14,'2024-04-01',89.9),
(113,14,'2024-05-01',89.9),
(114,14,'2024-06-01',89.9),
(115,14,'2024-07-01',89.9),
(116,14,'2024-08-01',89.9),
(117,14,'2024-09-01',89.9),
(118,14,'2024-10-01',89.9),
(119,14,'2024-11-01',89.9),
(120,14,'2024-12-01',89.9),
(121,18,'2024-01-01',29.9),
(122,18,'2024-02-01',29.9),
(123,18,'2024-03-01',29.9),
(124,18,'2024-04-01',29.9),
(125,18,'2024-05-01',29.9),
(126,18,'2024-06-01',29.9),
(127,18,'2024-07-01',29.9),
(128,18,'2024-08-01',29.9),
(129,18,'2024-09-01',29.9),
(130,18,'2024-10-01',29.9),
(131,18,'2024-11-01',29.9),
(132,18,'2024-12-01',29.9),
(133,20,'2024-01-01',89.9),
(134,20,'2024-02-01',89.9),
(135,20,'2024-03-01',89.9),
(136,20,'2024-04-01',89.9),
(137,20,'2024-05-01',89.9),
(138,20,'2024-06-01',89.9),
(139,20,'2024-07-01',89.9),
(140,20,'2024-08-01',89.9),
(141,20,'2024-09-01',89.9),
(142,20,'2024-10-01',89.9),
(143,20,'2024-11-01',89.9),
(144,20,'2024-12-01',89.9),
(145,21,'2024-01-01',29.9),
(146,21,'2024-02-01',29.9),
(147,21,'2024-03-01',29.9),
(148,22,'2024-01-01',29.9),
(149,22,'2024-02-01',29.9),
(150,22,'2024-03-01',29.9),
(151,22,'2024-04-01',29.9),
(152,22,'2024-05-01',29.9),
(153,22,'2024-06-01',29.9),
(154,22,'2024-07-01',29.9),
(155,22,'2024-08-01',29.9),
(156,22,'2024-09-01',29.9),
(157,22,'2024-10-01',29.9),
(158,22,'2024-11-01',29.9),
(159,22,'2024-12-01',29.9),
(160,23,'2024-01-01',89.9),
(161,23,'2024-02-01',89.9),
(162,23,'2024-03-01',89.9),
(163,23,'2024-04-01',89.9),
(164,23,'2024-05-01',89.9),
(165,23,'2024-06-01',89.9),
(166,23,'2024-07-01',89.9),
(167,23,'2024-08-01',89.9),
(168,23,'2024-09-01',89.9),
(169,23,'2024-10-01',89.9),
(170,23,'2024-11-01',89.9),
(171,23,'2024-12-01',89.9),
(172,25,'2024-01-01',49.9),
(173,25,'2024-02-01',49.9),
(174,25,'2024-03-01',49.9),
(175,25,'2024-04-01',49.9),
(176,25,'2024-05-01',49.9),
(177,25,'2024-06-01',49.9),
(178,25,'2024-07-01',49.9),
(179,25,'2024-08-01',49.9),
(180,25,'2024-09-01',49.9),
(181,25,'2024-10-01',49.9),
(182,25,'2024-11-01',49.9),
(183,25,'2024-12-01',49.9),
(184,26,'2024-01-01',89.9),
(185,26,'2024-02-01',89.9),
(186,26,'2024-03-01',89.9),
(187,26,'2024-04-01',89.9),
(188,26,'2024-05-01',89.9),
(189,26,'2024-06-01',89.9),
(190,26,'2024-07-01',89.9),
(191,26,'2024-08-01',89.9),
(192,26,'2024-09-01',89.9),
(193,26,'2024-10-01',89.9),
(194,26,'2024-11-01',89.9),
(195,26,'2024-12-01',89.9),
(196,27,'2024-01-01',49.9),
(197,27,'2024-02-01',49.9),
(198,27,'2024-03-01',49.9),
(199,27,'2024-04-01',49.9),
(200,27,'2024-05-01',49.9),
(201,27,'2024-06-01',49.9),
(202,27,'2024-07-01',49.9),
(203,27,'2024-08-01',49.9),
(204,27,'2024-09-01',49.9),
(205,27,'2024-10-01',49.9),
(206,27,'2024-11-01',49.9),
(207,27,'2024-12-01',49.9),
(208,28,'2024-01-01',119.9),
(209,28,'2024-02-01',119.9),
(210,28,'2024-03-01',119.9),
(211,28,'2024-04-01',119.9),
(212,28,'2024-05-01',119.9),
(213,28,'2024-06-01',119.9),
(214,28,'2024-07-01',119.9),
(215,28,'2024-08-01',119.9),
(216,28,'2024-09-01',119.9),
(217,28,'2024-10-01',119.9),
(218,28,'2024-11-01',119.9),
(219,28,'2024-12-01',119.9),
(220,29,'2024-01-01',49.9),
(221,29,'2024-02-01',49.9),
(222,29,'2024-03-01',49.9),
(223,29,'2024-04-01',49.9),
(224,29,'2024-05-01',49.9),
(225,29,'2024-06-01',49.9),
(226,29,'2024-07-01',49.9),
(227,29,'2024-08-01',49.9),
(228,29,'2024-09-01',49.9),
(229,29,'2024-10-01',49.9),
(230,29,'2024-11-01',49.9),
(231,29,'2024-12-01',49.9),
(232,30,'2024-01-01',29.9),
(233,30,'2024-02-01',29.9),
(234,30,'2024-03-01',29.9),
(235,30,'2024-04-01',29.9),
(236,30,'2024-05-01',29.9),
(237,30,'2024-06-01',29.9),
(238,30,'2024-07-01',29.9),
(239,30,'2024-08-01',29.9),
(240,30,'2024-09-01',29.9),
(241,30,'2024-10-01',29.9),
(242,30,'2024-11-01',29.9),
(243,30,'2024-12-01',29.9),
(244,31,'2024-01-01',49.9),
(245,31,'2024-02-01',49.9),
(246,31,'2024-03-01',49.9),
(247,31,'2024-04-01',49.9),
(248,31,'2024-05-01',49.9),
(249,31,'2024-06-01',49.9),
(250,31,'2024-07-01',49.9),
(251,31,'2024-08-01',49.9),
(252,31,'2024-09-01',49.9),
(253,31,'2024-10-01',49.9),
(254,31,'2024-11-01',49.9),
(255,31,'2024-12-01',49.9),
(256,32,'2024-01-01',89.9),
(257,32,'2024-02-01',89.9),
(258,32,'2024-03-01',89.9),
(259,32,'2024-04-01',89.9),
(260,32,'2024-05-01',89.9),
(261,32,'2024-06-01',89.9),
(262,32,'2024-07-01',89.9),
(263,32,'2024-08-01',89.9),
(264,32,'2024-09-01',89.9),
(265,32,'2024-10-01',89.9),
(266,32,'2024-11-01',89.9),
(267,32,'2024-12-01',89.9),
(268,33,'2024-01-01',29.9),
(269,33,'2024-02-01',29.9),
(270,33,'2024-03-01',29.9),
(271,33,'2024-04-01',29.9),
(272,33,'2024-05-01',29.9),
(273,33,'2024-06-01',29.9),
(274,33,'2024-07-01',29.9),
(275,33,'2024-08-01',29.9),
(276,33,'2024-09-01',29.9),
(277,33,'2024-10-01',29.9),
(278,33,'2024-11-01',29.9),
(279,33,'2024-12-01',29.9),
(280,34,'2024-01-01',49.9),
(281,34,'2024-02-01',49.9),
(282,34,'2024-03-01',49.9),
(283,34,'2024-04-01',49.9),
(284,34,'2024-05-01',49.9),
(285,34,'2024-06-01',49.9),
(286,34,'2024-07-01',49.9),
(287,34,'2024-08-01',49.9),
(288,34,'2024-09-01',49.9),
(289,34,'2024-10-01',49.9),
(290,34,'2024-11-01',49.9),
(291,34,'2024-12-01',49.9),
(292,35,'2024-01-01',49.9),
(293,35,'2024-02-01',49.9),
(294,35,'2024-03-01',49.9),
(295,35,'2024-04-01',49.9),
(296,35,'2024-05-01',49.9),
(297,35,'2024-06-01',49.9),
(298,35,'2024-07-01',49.9),
(299,35,'2024-08-01',49.9),
(300,35,'2024-09-01',49.9),
(301,35,'2024-10-01',49.9),
(302,35,'2024-11-01',49.9),
(303,35,'2024-12-01',49.9),
(304,36,'2024-01-01',89.9),
(305,36,'2024-02-01',89.9),
(306,36,'2024-03-01',89.9),
(307,36,'2024-04-01',89.9),
(308,36,'2024-05-01',89.9),
(309,36,'2024-06-01',89.9),
(310,36,'2024-07-01',89.9),
(311,36,'2024-08-01',89.9),
(312,36,'2024-09-01',89.9),
(313,36,'2024-10-01',89.9),
(314,36,'2024-11-01',89.9),
(315,36,'2024-12-01',89.9),
(316,37,'2024-01-01',49.9),
(317,37,'2024-02-01',49.9),
(318,37,'2024-03-01',49.9),
(319,37,'2024-04-01',49.9),
(320,37,'2024-05-01',49.9),
(321,37,'2024-06-01',49.9),
(322,37,'2024-07-01',49.9),
(323,37,'2024-08-01',49.9),
(324,37,'2024-09-01',49.9),
(325,37,'2024-10-01',49.9),
(326,37,'2024-11-01',49.9),
(327,37,'2024-12-01',49.9),
(328,38,'2024-01-01',89.9),
(329,38,'2024-02-01',89.9),
(330,38,'2024-03-01',89.9),
(331,38,'2024-04-01',89.9),
(332,38,'2024-05-01',89.9),
(333,38,'2024-06-01',89.9),
(334,38,'2024-07-01',89.9),
(335,38,'2024-08-01',89.9),
(336,38,'2024-09-01',89.9),
(337,38,'2024-10-01',89.9),
(338,38,'2024-11-01',89.9),
(339,38,'2024-12-01',89.9),
(340,39,'2024-01-01',49.9),
(341,39,'2024-02-01',49.9),
(342,39,'2024-03-01',49.9),
(343,39,'2024-04-01',49.9),
(344,39,'2024-05-01',49.9),
(345,39,'2024-06-01',49.9),
(346,39,'2024-07-01',49.9),
(347,39,'2024-08-01',49.9),
(348,39,'2024-09-01',49.9),
(349,39,'2024-10-01',49.9),
(350,39,'2024-11-01',49.9),
(351,39,'2024-12-01',49.9),
(352,40,'2024-01-01',89.9),
(353,40,'2024-02-01',89.9),
(354,40,'2024-03-01',89.9),
(355,40,'2024-04-01',89.9),
(356,40,'2024-05-01',89.9),
(357,40,'2024-06-01',89.9),
(358,40,'2024-07-01',89.9),
(359,40,'2024-08-01',89.9),
(360,40,'2024-09-01',89.9),
(361,40,'2024-10-01',89.9),
(362,40,'2024-11-01',89.9),
(363,40,'2024-12-01',89.9),
(364,41,'2024-01-01',49.9),
(365,41,'2024-02-01',49.9),
(366,41,'2024-03-01',49.9),
(367,41,'2024-04-01',49.9),
(368,41,'2024-05-01',49.9),
(369,41,'2024-06-01',49.9),
(370,41,'2024-07-01',49.9),
(371,41,'2024-08-01',49.9),
(372,41,'2024-09-01',49.9),
(373,41,'2024-10-01',49.9),
(374,41,'2024-11-01',49.9),
(375,41,'2024-12-01',49.9),
(376,42,'2024-01-01',49.9),
(377,42,'2024-02-01',49.9),
(378,42,'2024-03-01',49.9),
(379,42,'2024-04-01',49.9),
(380,42,'2024-05-01',49.9),
(381,42,'2024-06-01',49.9),
(382,42,'2024-07-01',49.9),
(383,42,'2024-08-01',49.9),
(384,42,'2024-09-01',49.9),
(385,42,'2024-10-01',49.9),
(386,42,'2024-11-01',49.9),
(387,42,'2024-12-01',49.9),
(388,43,'2024-01-01',119.9),
(389,43,'2024-02-01',119.9),
(390,43,'2024-03-01',119.9),
(391,43,'2024-04-01',119.9),
(392,43,'2024-05-01',119.9),
(393,43,'2024-06-01',119.9),
(394,43,'2024-07-01',119.9),
(395,43,'2024-08-01',119.9),
(396,43,'2024-09-01',119.9),
(397,43,'2024-10-01',119.9),
(398,43,'2024-11-01',119.9),
(399,43,'2024-12-01',119.9),
(400,45,'2024-01-01',29.9);

INSERT INTO premium_payments (payment_id, policy_id, payment_date, amount_paid) VALUES
(401,45,'2024-02-01',29.9),
(402,45,'2024-03-01',29.9),
(403,45,'2024-04-01',29.9),
(404,45,'2024-05-01',29.9),
(405,45,'2024-06-01',29.9),
(406,45,'2024-07-01',29.9),
(407,45,'2024-08-01',29.9),
(408,45,'2024-09-01',29.9),
(409,45,'2024-10-01',29.9),
(410,45,'2024-11-01',29.9),
(411,45,'2024-12-01',29.9),
(412,46,'2024-01-01',49.9),
(413,46,'2024-02-01',49.9),
(414,46,'2024-03-01',49.9),
(415,46,'2024-04-01',49.9),
(416,46,'2024-05-01',49.9),
(417,46,'2024-06-01',49.9),
(418,46,'2024-07-01',49.9),
(419,46,'2024-08-01',49.9),
(420,46,'2024-09-01',49.9),
(421,46,'2024-10-01',49.9),
(422,46,'2024-11-01',49.9),
(423,46,'2024-12-01',49.9),
(424,47,'2024-01-01',29.9),
(425,47,'2024-02-01',29.9),
(426,47,'2024-03-01',29.9),
(427,47,'2024-04-01',29.9),
(428,47,'2024-05-01',29.9),
(429,47,'2024-06-01',29.9),
(430,47,'2024-07-01',29.9),
(431,47,'2024-08-01',29.9),
(432,47,'2024-09-01',29.9),
(433,47,'2024-10-01',29.9),
(434,47,'2024-11-01',29.9),
(435,47,'2024-12-01',29.9),
(436,49,'2024-01-01',29.9),
(437,49,'2024-02-01',29.9),
(438,49,'2024-03-01',29.9),
(439,49,'2024-04-01',29.9),
(440,49,'2024-05-01',29.9),
(441,49,'2024-06-01',29.9),
(442,49,'2024-07-01',29.9),
(443,49,'2024-08-01',29.9),
(444,49,'2024-09-01',29.9),
(445,49,'2024-10-01',29.9),
(446,49,'2024-11-01',29.9),
(447,49,'2024-12-01',29.9),
(448,50,'2024-01-01',29.9),
(449,50,'2024-02-01',29.9),
(450,50,'2024-03-01',29.9),
(451,50,'2024-04-01',29.9),
(452,50,'2024-05-01',29.9),
(453,50,'2024-06-01',29.9),
(454,50,'2024-07-01',29.9),
(455,50,'2024-08-01',29.9),
(456,50,'2024-09-01',29.9),
(457,50,'2024-10-01',29.9),
(458,50,'2024-11-01',29.9),
(459,50,'2024-12-01',29.9),
(460,51,'2024-01-01',29.9),
(461,51,'2024-02-01',29.9),
(462,51,'2024-03-01',29.9),
(463,51,'2024-04-01',29.9),
(464,51,'2024-05-01',29.9),
(465,51,'2024-06-01',29.9),
(466,51,'2024-07-01',29.9),
(467,51,'2024-08-01',29.9),
(468,51,'2024-09-01',29.9),
(469,51,'2024-10-01',29.9),
(470,51,'2024-11-01',29.9),
(471,51,'2024-12-01',29.9),
(472,54,'2024-01-01',89.9),
(473,54,'2024-02-01',89.9),
(474,54,'2024-03-01',89.9),
(475,54,'2024-04-01',89.9),
(476,54,'2024-05-01',89.9),
(477,54,'2024-06-01',89.9),
(478,54,'2024-07-01',89.9),
(479,54,'2024-08-01',89.9),
(480,54,'2024-09-01',89.9),
(481,54,'2024-10-01',89.9),
(482,54,'2024-11-01',89.9),
(483,54,'2024-12-01',89.9),
(484,56,'2024-01-01',49.9),
(485,56,'2024-02-01',49.9),
(486,56,'2024-03-01',49.9),
(487,56,'2024-04-01',49.9),
(488,56,'2024-05-01',49.9),
(489,56,'2024-06-01',49.9),
(490,56,'2024-07-01',49.9),
(491,56,'2024-08-01',49.9),
(492,56,'2024-09-01',49.9),
(493,56,'2024-10-01',49.9),
(494,56,'2024-11-01',49.9),
(495,56,'2024-12-01',49.9),
(496,57,'2024-01-01',119.9),
(497,57,'2024-02-01',119.9),
(498,57,'2024-03-01',119.9),
(499,57,'2024-04-01',119.9),
(500,57,'2024-05-01',119.9),
(501,57,'2024-06-01',119.9),
(502,57,'2024-07-01',119.9),
(503,57,'2024-08-01',119.9),
(504,57,'2024-09-01',119.9),
(505,57,'2024-10-01',119.9),
(506,57,'2024-11-01',119.9),
(507,57,'2024-12-01',119.9),
(508,59,'2024-01-01',49.9),
(509,59,'2024-02-01',49.9),
(510,59,'2024-03-01',49.9),
(511,59,'2024-04-01',49.9),
(512,59,'2024-05-01',49.9),
(513,59,'2024-06-01',49.9),
(514,59,'2024-07-01',49.9),
(515,59,'2024-08-01',49.9),
(516,59,'2024-09-01',49.9),
(517,59,'2024-10-01',49.9),
(518,59,'2024-11-01',49.9),
(519,59,'2024-12-01',49.9),
(520,61,'2024-01-01',29.9),
(521,61,'2024-02-01',29.9),
(522,61,'2024-03-01',29.9),
(523,61,'2024-04-01',29.9),
(524,61,'2024-05-01',29.9),
(525,61,'2024-06-01',29.9),
(526,61,'2024-07-01',29.9),
(527,61,'2024-08-01',29.9),
(528,61,'2024-09-01',29.9),
(529,61,'2024-10-01',29.9),
(530,61,'2024-11-01',29.9),
(531,61,'2024-12-01',29.9),
(532,62,'2024-01-01',49.9),
(533,62,'2024-02-01',49.9),
(534,62,'2024-03-01',49.9),
(535,62,'2024-04-01',49.9),
(536,62,'2024-05-01',49.9),
(537,62,'2024-06-01',49.9),
(538,62,'2024-07-01',49.9),
(539,62,'2024-08-01',49.9),
(540,62,'2024-09-01',49.9),
(541,62,'2024-10-01',49.9),
(542,62,'2024-11-01',49.9),
(543,62,'2024-12-01',49.9),
(544,63,'2024-01-01',89.9),
(545,63,'2024-02-01',89.9),
(546,63,'2024-03-01',89.9),
(547,63,'2024-04-01',89.9),
(548,63,'2024-05-01',89.9),
(549,63,'2024-06-01',89.9),
(550,63,'2024-07-01',89.9),
(551,63,'2024-08-01',89.9),
(552,63,'2024-09-01',89.9),
(553,63,'2024-10-01',89.9),
(554,63,'2024-11-01',89.9),
(555,63,'2024-12-01',89.9),
(556,64,'2024-01-01',29.9),
(557,64,'2024-02-01',29.9),
(558,64,'2024-03-01',29.9),
(559,64,'2024-04-01',29.9),
(560,64,'2024-05-01',29.9),
(561,64,'2024-06-01',29.9),
(562,64,'2024-07-01',29.9),
(563,64,'2024-08-01',29.9),
(564,65,'2024-01-01',89.9),
(565,65,'2024-02-01',89.9),
(566,65,'2024-03-01',89.9),
(567,65,'2024-04-01',89.9),
(568,65,'2024-05-01',89.9),
(569,65,'2024-06-01',89.9),
(570,65,'2024-07-01',89.9),
(571,65,'2024-08-01',89.9),
(572,65,'2024-09-01',89.9),
(573,65,'2024-10-01',89.9),
(574,65,'2024-11-01',89.9),
(575,65,'2024-12-01',89.9),
(576,66,'2024-01-01',49.9),
(577,67,'2024-01-01',29.9),
(578,67,'2024-02-01',29.9),
(579,67,'2024-03-01',29.9),
(580,67,'2024-04-01',29.9),
(581,67,'2024-05-01',29.9),
(582,67,'2024-06-01',29.9),
(583,67,'2024-07-01',29.9),
(584,67,'2024-08-01',29.9),
(585,67,'2024-09-01',29.9),
(586,67,'2024-10-01',29.9),
(587,67,'2024-11-01',29.9),
(588,67,'2024-12-01',29.9),
(589,68,'2024-01-01',49.9),
(590,68,'2024-02-01',49.9),
(591,68,'2024-03-01',49.9),
(592,68,'2024-04-01',49.9),
(593,68,'2024-05-01',49.9),
(594,68,'2024-06-01',49.9),
(595,68,'2024-07-01',49.9),
(596,68,'2024-08-01',49.9),
(597,68,'2024-09-01',49.9),
(598,68,'2024-10-01',49.9),
(599,68,'2024-11-01',49.9),
(600,68,'2024-12-01',49.9),
(601,69,'2024-01-01',89.9),
(602,69,'2024-02-01',89.9),
(603,69,'2024-03-01',89.9),
(604,69,'2024-04-01',89.9),
(605,69,'2024-05-01',89.9),
(606,69,'2024-06-01',89.9),
(607,69,'2024-07-01',89.9),
(608,69,'2024-08-01',89.9),
(609,69,'2024-09-01',89.9),
(610,69,'2024-10-01',89.9),
(611,69,'2024-11-01',89.9),
(612,69,'2024-12-01',89.9),
(613,70,'2024-01-01',29.9),
(614,70,'2024-02-01',29.9),
(615,70,'2024-03-01',29.9),
(616,70,'2024-04-01',29.9),
(617,70,'2024-05-01',29.9),
(618,70,'2024-06-01',29.9),
(619,70,'2024-07-01',29.9),
(620,70,'2024-08-01',29.9),
(621,70,'2024-09-01',29.9),
(622,70,'2024-10-01',29.9),
(623,70,'2024-11-01',29.9),
(624,70,'2024-12-01',29.9),
(625,71,'2024-01-01',49.9),
(626,71,'2024-02-01',49.9),
(627,71,'2024-03-01',49.9),
(628,71,'2024-04-01',49.9),
(629,71,'2024-05-01',49.9),
(630,71,'2024-06-01',49.9),
(631,71,'2024-07-01',49.9),
(632,71,'2024-08-01',49.9),
(633,71,'2024-09-01',49.9),
(634,71,'2024-10-01',49.9),
(635,71,'2024-11-01',49.9),
(636,71,'2024-12-01',49.9),
(637,72,'2024-01-01',119.9),
(638,72,'2024-02-01',119.9),
(639,72,'2024-03-01',119.9),
(640,72,'2024-04-01',119.9),
(641,72,'2024-05-01',119.9),
(642,72,'2024-06-01',119.9),
(643,72,'2024-07-01',119.9),
(644,72,'2024-08-01',119.9),
(645,72,'2024-09-01',119.9),
(646,72,'2024-10-01',119.9),
(647,72,'2024-11-01',119.9),
(648,72,'2024-12-01',119.9),
(649,74,'2024-01-01',29.9),
(650,74,'2024-02-01',29.9),
(651,74,'2024-03-01',29.9),
(652,74,'2024-04-01',29.9),
(653,74,'2024-05-01',29.9),
(654,74,'2024-06-01',29.9),
(655,74,'2024-07-01',29.9),
(656,74,'2024-08-01',29.9),
(657,74,'2024-09-01',29.9),
(658,74,'2024-10-01',29.9),
(659,74,'2024-11-01',29.9),
(660,74,'2024-12-01',29.9),
(661,75,'2024-01-01',89.9),
(662,75,'2024-02-01',89.9),
(663,75,'2024-03-01',89.9),
(664,75,'2024-04-01',89.9),
(665,75,'2024-05-01',89.9),
(666,75,'2024-06-01',89.9),
(667,75,'2024-07-01',89.9),
(668,75,'2024-08-01',89.9),
(669,75,'2024-09-01',89.9),
(670,75,'2024-10-01',89.9),
(671,75,'2024-11-01',89.9),
(672,75,'2024-12-01',89.9),
(673,76,'2024-01-01',89.9),
(674,76,'2024-02-01',89.9),
(675,76,'2024-03-01',89.9),
(676,76,'2024-04-01',89.9),
(677,76,'2024-05-01',89.9),
(678,76,'2024-06-01',89.9),
(679,76,'2024-07-01',89.9),
(680,76,'2024-08-01',89.9),
(681,76,'2024-09-01',89.9),
(682,76,'2024-10-01',89.9),
(683,76,'2024-11-01',89.9),
(684,76,'2024-12-01',89.9),
(685,77,'2024-01-01',49.9),
(686,77,'2024-02-01',49.9),
(687,77,'2024-03-01',49.9),
(688,77,'2024-04-01',49.9),
(689,77,'2024-05-01',49.9),
(690,77,'2024-06-01',49.9),
(691,77,'2024-07-01',49.9),
(692,77,'2024-08-01',49.9),
(693,77,'2024-09-01',49.9),
(694,77,'2024-10-01',49.9),
(695,77,'2024-11-01',49.9),
(696,77,'2024-12-01',49.9),
(697,78,'2024-01-01',119.9),
(698,78,'2024-02-01',119.9),
(699,78,'2024-03-01',119.9),
(700,78,'2024-04-01',119.9),
(701,78,'2024-05-01',119.9),
(702,78,'2024-06-01',119.9),
(703,78,'2024-07-01',119.9),
(704,78,'2024-08-01',119.9),
(705,78,'2024-09-01',119.9),
(706,78,'2024-10-01',119.9),
(707,78,'2024-11-01',119.9),
(708,78,'2024-12-01',119.9),
(709,79,'2024-01-01',119.9),
(710,79,'2024-02-01',119.9),
(711,79,'2024-03-01',119.9),
(712,79,'2024-04-01',119.9),
(713,79,'2024-05-01',119.9),
(714,79,'2024-06-01',119.9),
(715,79,'2024-07-01',119.9),
(716,79,'2024-08-01',119.9),
(717,79,'2024-09-01',119.9),
(718,79,'2024-10-01',119.9),
(719,79,'2024-11-01',119.9),
(720,79,'2024-12-01',119.9),
(721,80,'2024-01-01',49.9),
(722,80,'2024-02-01',49.9),
(723,80,'2024-03-01',49.9),
(724,80,'2024-04-01',49.9),
(725,80,'2024-05-01',49.9),
(726,80,'2024-06-01',49.9),
(727,80,'2024-07-01',49.9),
(728,80,'2024-08-01',49.9),
(729,80,'2024-09-01',49.9),
(730,80,'2024-10-01',49.9),
(731,80,'2024-11-01',49.9),
(732,80,'2024-12-01',49.9),
(733,81,'2024-01-01',29.9),
(734,81,'2024-02-01',29.9),
(735,81,'2024-03-01',29.9),
(736,81,'2024-04-01',29.9),
(737,81,'2024-05-01',29.9),
(738,81,'2024-06-01',29.9),
(739,81,'2024-07-01',29.9),
(740,81,'2024-08-01',29.9),
(741,81,'2024-09-01',29.9),
(742,81,'2024-10-01',29.9),
(743,81,'2024-11-01',29.9),
(744,81,'2024-12-01',29.9),
(745,82,'2024-01-01',89.9),
(746,82,'2024-02-01',89.9),
(747,82,'2024-03-01',89.9),
(748,82,'2024-04-01',89.9),
(749,82,'2024-05-01',89.9),
(750,82,'2024-06-01',89.9),
(751,82,'2024-07-01',89.9),
(752,82,'2024-08-01',89.9),
(753,82,'2024-09-01',89.9),
(754,82,'2024-10-01',89.9),
(755,82,'2024-11-01',89.9),
(756,82,'2024-12-01',89.9),
(757,83,'2024-01-01',89.9),
(758,83,'2024-02-01',89.9),
(759,83,'2024-03-01',89.9),
(760,83,'2024-04-01',89.9),
(761,83,'2024-05-01',89.9),
(762,83,'2024-06-01',89.9),
(763,83,'2024-07-01',89.9),
(764,83,'2024-08-01',89.9),
(765,83,'2024-09-01',89.9),
(766,83,'2024-10-01',89.9),
(767,83,'2024-11-01',89.9),
(768,83,'2024-12-01',89.9),
(769,85,'2024-01-01',29.9),
(770,85,'2024-02-01',29.9),
(771,85,'2024-03-01',29.9),
(772,85,'2024-04-01',29.9),
(773,85,'2024-05-01',29.9),
(774,85,'2024-06-01',29.9),
(775,85,'2024-07-01',29.9),
(776,85,'2024-08-01',29.9),
(777,85,'2024-09-01',29.9),
(778,85,'2024-10-01',29.9),
(779,85,'2024-11-01',29.9),
(780,85,'2024-12-01',29.9),
(781,86,'2024-01-01',29.9),
(782,86,'2024-02-01',29.9),
(783,86,'2024-03-01',29.9),
(784,86,'2024-04-01',29.9),
(785,86,'2024-05-01',29.9),
(786,86,'2024-06-01',29.9),
(787,86,'2024-07-01',29.9),
(788,86,'2024-08-01',29.9),
(789,86,'2024-09-01',29.9),
(790,86,'2024-10-01',29.9),
(791,86,'2024-11-01',29.9),
(792,86,'2024-12-01',29.9),
(793,87,'2024-01-01',29.9),
(794,87,'2024-02-01',29.9),
(795,87,'2024-03-01',29.9),
(796,87,'2024-04-01',29.9),
(797,87,'2024-05-01',29.9),
(798,87,'2024-06-01',29.9),
(799,87,'2024-07-01',29.9),
(800,87,'2024-08-01',29.9);

INSERT INTO premium_payments (payment_id, policy_id, payment_date, amount_paid) VALUES
(801,87,'2024-09-01',29.9),
(802,87,'2024-10-01',29.9),
(803,87,'2024-11-01',29.9),
(804,87,'2024-12-01',29.9),
(805,89,'2024-01-01',29.9),
(806,89,'2024-02-01',29.9),
(807,89,'2024-03-01',29.9),
(808,89,'2024-04-01',29.9),
(809,89,'2024-05-01',29.9),
(810,89,'2024-06-01',29.9),
(811,89,'2024-07-01',29.9),
(812,89,'2024-08-01',29.9),
(813,89,'2024-09-01',29.9),
(814,89,'2024-10-01',29.9),
(815,89,'2024-11-01',29.9),
(816,89,'2024-12-01',29.9),
(817,90,'2024-01-01',29.9),
(818,90,'2024-02-01',29.9),
(819,90,'2024-03-01',29.9),
(820,90,'2024-04-01',29.9),
(821,90,'2024-05-01',29.9),
(822,90,'2024-06-01',29.9),
(823,90,'2024-07-01',29.9),
(824,90,'2024-08-01',29.9),
(825,90,'2024-09-01',29.9),
(826,90,'2024-10-01',29.9),
(827,90,'2024-11-01',29.9),
(828,90,'2024-12-01',29.9),
(829,91,'2024-01-01',49.9),
(830,91,'2024-02-01',49.9),
(831,91,'2024-03-01',49.9),
(832,91,'2024-04-01',49.9),
(833,91,'2024-05-01',49.9),
(834,91,'2024-06-01',49.9),
(835,91,'2024-07-01',49.9),
(836,91,'2024-08-01',49.9),
(837,91,'2024-09-01',49.9),
(838,91,'2024-10-01',49.9),
(839,91,'2024-11-01',49.9),
(840,91,'2024-12-01',49.9),
(841,94,'2024-01-01',89.9),
(842,94,'2024-02-01',89.9),
(843,94,'2024-03-01',89.9),
(844,94,'2024-04-01',89.9),
(845,94,'2024-05-01',89.9),
(846,94,'2024-06-01',89.9),
(847,94,'2024-07-01',89.9),
(848,94,'2024-08-01',89.9),
(849,94,'2024-09-01',89.9),
(850,94,'2024-10-01',89.9),
(851,94,'2024-11-01',89.9),
(852,94,'2024-12-01',89.9),
(853,96,'2024-01-01',29.9),
(854,96,'2024-02-01',29.9),
(855,96,'2024-03-01',29.9),
(856,96,'2024-04-01',29.9),
(857,96,'2024-05-01',29.9),
(858,96,'2024-06-01',29.9),
(859,96,'2024-07-01',29.9),
(860,96,'2024-08-01',29.9),
(861,96,'2024-09-01',29.9),
(862,96,'2024-10-01',29.9),
(863,96,'2024-11-01',29.9),
(864,96,'2024-12-01',29.9),
(865,97,'2024-01-01',29.9),
(866,97,'2024-02-01',29.9),
(867,97,'2024-03-01',29.9),
(868,97,'2024-04-01',29.9),
(869,97,'2024-05-01',29.9),
(870,97,'2024-06-01',29.9),
(871,97,'2024-07-01',29.9),
(872,97,'2024-08-01',29.9),
(873,97,'2024-09-01',29.9),
(874,97,'2024-10-01',29.9),
(875,97,'2024-11-01',29.9),
(876,97,'2024-12-01',29.9),
(877,98,'2024-01-01',29.9),
(878,98,'2024-02-01',29.9),
(879,98,'2024-03-01',29.9),
(880,98,'2024-04-01',29.9),
(881,98,'2024-05-01',29.9),
(882,98,'2024-06-01',29.9),
(883,98,'2024-07-01',29.9),
(884,98,'2024-08-01',29.9),
(885,98,'2024-09-01',29.9),
(886,98,'2024-10-01',29.9),
(887,98,'2024-11-01',29.9),
(888,98,'2024-12-01',29.9),
(889,99,'2024-01-01',29.9),
(890,99,'2024-02-01',29.9),
(891,99,'2024-03-01',29.9),
(892,99,'2024-04-01',29.9),
(893,99,'2024-05-01',29.9),
(894,99,'2024-06-01',29.9),
(895,99,'2024-07-01',29.9),
(896,99,'2024-08-01',29.9),
(897,99,'2024-09-01',29.9),
(898,99,'2024-10-01',29.9),
(899,99,'2024-11-01',29.9),
(900,99,'2024-12-01',29.9),
(901,100,'2024-01-01',89.9),
(902,100,'2024-02-01',89.9),
(903,100,'2024-03-01',89.9),
(904,100,'2024-04-01',89.9),
(905,100,'2024-05-01',89.9),
(906,100,'2024-06-01',89.9),
(907,100,'2024-07-01',89.9),
(908,100,'2024-08-01',89.9),
(909,100,'2024-09-01',89.9),
(910,100,'2024-10-01',89.9),
(911,100,'2024-11-01',89.9),
(912,100,'2024-12-01',89.9),
(913,101,'2024-01-01',89.9),
(914,101,'2024-02-01',89.9),
(915,101,'2024-03-01',89.9),
(916,101,'2024-04-01',89.9),
(917,101,'2024-05-01',89.9),
(918,101,'2024-06-01',89.9),
(919,101,'2024-07-01',89.9),
(920,101,'2024-08-01',89.9),
(921,101,'2024-09-01',89.9),
(922,101,'2024-10-01',89.9),
(923,101,'2024-11-01',89.9),
(924,101,'2024-12-01',89.9),
(925,102,'2024-01-01',89.9),
(926,102,'2024-02-01',89.9),
(927,102,'2024-03-01',89.9),
(928,102,'2024-04-01',89.9),
(929,102,'2024-05-01',89.9),
(930,102,'2024-06-01',89.9),
(931,102,'2024-07-01',89.9),
(932,102,'2024-08-01',89.9),
(933,102,'2024-09-01',89.9),
(934,102,'2024-10-01',89.9),
(935,102,'2024-11-01',89.9),
(936,102,'2024-12-01',89.9),
(937,103,'2024-01-01',29.9),
(938,103,'2024-02-01',29.9),
(939,103,'2024-03-01',29.9),
(940,103,'2024-04-01',29.9),
(941,103,'2024-05-01',29.9),
(942,103,'2024-06-01',29.9),
(943,103,'2024-07-01',29.9),
(944,103,'2024-08-01',29.9),
(945,103,'2024-09-01',29.9),
(946,103,'2024-10-01',29.9),
(947,103,'2024-11-01',29.9),
(948,103,'2024-12-01',29.9),
(949,104,'2024-01-01',89.9),
(950,104,'2024-02-01',89.9),
(951,104,'2024-03-01',89.9),
(952,104,'2024-04-01',89.9),
(953,104,'2024-05-01',89.9),
(954,104,'2024-06-01',89.9),
(955,104,'2024-07-01',89.9),
(956,104,'2024-08-01',89.9),
(957,104,'2024-09-01',89.9),
(958,104,'2024-10-01',89.9),
(959,104,'2024-11-01',89.9),
(960,104,'2024-12-01',89.9),
(961,106,'2024-01-01',29.9),
(962,106,'2024-02-01',29.9),
(963,106,'2024-03-01',29.9),
(964,106,'2024-04-01',29.9),
(965,106,'2024-05-01',29.9),
(966,106,'2024-06-01',29.9),
(967,106,'2024-07-01',29.9),
(968,106,'2024-08-01',29.9),
(969,106,'2024-09-01',29.9),
(970,106,'2024-10-01',29.9),
(971,106,'2024-11-01',29.9),
(972,106,'2024-12-01',29.9),
(973,108,'2024-01-01',119.9),
(974,108,'2024-02-01',119.9),
(975,108,'2024-03-01',119.9),
(976,108,'2024-04-01',119.9),
(977,108,'2024-05-01',119.9),
(978,108,'2024-06-01',119.9),
(979,108,'2024-07-01',119.9),
(980,108,'2024-08-01',119.9),
(981,108,'2024-09-01',119.9),
(982,108,'2024-10-01',119.9),
(983,108,'2024-11-01',119.9),
(984,108,'2024-12-01',119.9),
(985,109,'2024-01-01',89.9),
(986,109,'2024-02-01',89.9),
(987,109,'2024-03-01',89.9),
(988,109,'2024-04-01',89.9),
(989,109,'2024-05-01',89.9),
(990,109,'2024-06-01',89.9),
(991,109,'2024-07-01',89.9),
(992,109,'2024-08-01',89.9),
(993,109,'2024-09-01',89.9),
(994,109,'2024-10-01',89.9),
(995,109,'2024-11-01',89.9),
(996,109,'2024-12-01',89.9),
(997,110,'2024-01-01',29.9),
(998,110,'2024-02-01',29.9),
(999,110,'2024-03-01',29.9),
(1000,110,'2024-04-01',29.9),
(1001,110,'2024-05-01',29.9),
(1002,110,'2024-06-01',29.9),
(1003,110,'2024-07-01',29.9),
(1004,110,'2024-08-01',29.9),
(1005,110,'2024-09-01',29.9),
(1006,110,'2024-10-01',29.9),
(1007,110,'2024-11-01',29.9),
(1008,110,'2024-12-01',29.9),
(1009,111,'2024-01-01',49.9),
(1010,111,'2024-02-01',49.9),
(1011,111,'2024-03-01',49.9),
(1012,111,'2024-04-01',49.9),
(1013,111,'2024-05-01',49.9),
(1014,111,'2024-06-01',49.9),
(1015,111,'2024-07-01',49.9),
(1016,111,'2024-08-01',49.9),
(1017,111,'2024-09-01',49.9),
(1018,111,'2024-10-01',49.9),
(1019,111,'2024-11-01',49.9),
(1020,111,'2024-12-01',49.9),
(1021,115,'2024-01-01',49.9),
(1022,115,'2024-02-01',49.9),
(1023,115,'2024-03-01',49.9),
(1024,115,'2024-04-01',49.9),
(1025,115,'2024-05-01',49.9),
(1026,115,'2024-06-01',49.9),
(1027,115,'2024-07-01',49.9),
(1028,115,'2024-08-01',49.9),
(1029,115,'2024-09-01',49.9),
(1030,115,'2024-10-01',49.9),
(1031,115,'2024-11-01',49.9),
(1032,115,'2024-12-01',49.9),
(1033,116,'2024-01-01',119.9),
(1034,116,'2024-02-01',119.9),
(1035,116,'2024-03-01',119.9),
(1036,116,'2024-04-01',119.9),
(1037,116,'2024-05-01',119.9),
(1038,116,'2024-06-01',119.9),
(1039,116,'2024-07-01',119.9),
(1040,116,'2024-08-01',119.9),
(1041,116,'2024-09-01',119.9),
(1042,116,'2024-10-01',119.9),
(1043,116,'2024-11-01',119.9),
(1044,116,'2024-12-01',119.9),
(1045,117,'2024-01-01',119.9),
(1046,117,'2024-02-01',119.9),
(1047,117,'2024-03-01',119.9),
(1048,117,'2024-04-01',119.9),
(1049,117,'2024-05-01',119.9),
(1050,117,'2024-06-01',119.9),
(1051,117,'2024-07-01',119.9),
(1052,117,'2024-08-01',119.9),
(1053,117,'2024-09-01',119.9),
(1054,117,'2024-10-01',119.9),
(1055,117,'2024-11-01',119.9),
(1056,117,'2024-12-01',119.9),
(1057,118,'2024-01-01',49.9),
(1058,118,'2024-02-01',49.9),
(1059,118,'2024-03-01',49.9),
(1060,118,'2024-04-01',49.9),
(1061,118,'2024-05-01',49.9),
(1062,118,'2024-06-01',49.9),
(1063,118,'2024-07-01',49.9),
(1064,118,'2024-08-01',49.9),
(1065,118,'2024-09-01',49.9),
(1066,118,'2024-10-01',49.9),
(1067,118,'2024-11-01',49.9),
(1068,118,'2024-12-01',49.9),
(1069,119,'2024-01-01',49.9),
(1070,119,'2024-02-01',49.9),
(1071,119,'2024-03-01',49.9),
(1072,119,'2024-04-01',49.9),
(1073,119,'2024-05-01',49.9),
(1074,119,'2024-06-01',49.9),
(1075,119,'2024-07-01',49.9),
(1076,119,'2024-08-01',49.9),
(1077,119,'2024-09-01',49.9),
(1078,119,'2024-10-01',49.9),
(1079,119,'2024-11-01',49.9),
(1080,119,'2024-12-01',49.9),
(1081,120,'2024-01-01',29.9),
(1082,120,'2024-02-01',29.9),
(1083,120,'2024-03-01',29.9),
(1084,120,'2024-04-01',29.9),
(1085,120,'2024-05-01',29.9),
(1086,120,'2024-06-01',29.9),
(1087,120,'2024-07-01',29.9),
(1088,120,'2024-08-01',29.9),
(1089,120,'2024-09-01',29.9),
(1090,120,'2024-10-01',29.9),
(1091,120,'2024-11-01',29.9),
(1092,120,'2024-12-01',29.9),
(1093,121,'2024-01-01',89.9),
(1094,121,'2024-02-01',89.9),
(1095,121,'2024-03-01',89.9),
(1096,121,'2024-04-01',89.9),
(1097,121,'2024-05-01',89.9),
(1098,121,'2024-06-01',89.9),
(1099,121,'2024-07-01',89.9),
(1100,121,'2024-08-01',89.9),
(1101,121,'2024-09-01',89.9),
(1102,121,'2024-10-01',89.9),
(1103,121,'2024-11-01',89.9),
(1104,121,'2024-12-01',89.9),
(1105,122,'2024-01-01',89.9),
(1106,122,'2024-02-01',89.9),
(1107,122,'2024-03-01',89.9),
(1108,122,'2024-04-01',89.9),
(1109,122,'2024-05-01',89.9),
(1110,122,'2024-06-01',89.9),
(1111,122,'2024-07-01',89.9),
(1112,122,'2024-08-01',89.9),
(1113,122,'2024-09-01',89.9),
(1114,122,'2024-10-01',89.9),
(1115,122,'2024-11-01',89.9),
(1116,122,'2024-12-01',89.9),
(1117,123,'2024-01-01',49.9),
(1118,123,'2024-02-01',49.9),
(1119,123,'2024-03-01',49.9),
(1120,123,'2024-04-01',49.9),
(1121,123,'2024-05-01',49.9),
(1122,123,'2024-06-01',49.9),
(1123,123,'2024-07-01',49.9),
(1124,123,'2024-08-01',49.9),
(1125,123,'2024-09-01',49.9),
(1126,123,'2024-10-01',49.9),
(1127,123,'2024-11-01',49.9),
(1128,123,'2024-12-01',49.9),
(1129,124,'2024-01-01',29.9),
(1130,124,'2024-02-01',29.9),
(1131,124,'2024-03-01',29.9),
(1132,124,'2024-04-01',29.9),
(1133,124,'2024-05-01',29.9),
(1134,124,'2024-06-01',29.9),
(1135,124,'2024-07-01',29.9),
(1136,124,'2024-08-01',29.9),
(1137,124,'2024-09-01',29.9),
(1138,124,'2024-10-01',29.9),
(1139,124,'2024-11-01',29.9),
(1140,124,'2024-12-01',29.9),
(1141,125,'2024-01-01',49.9),
(1142,125,'2024-02-01',49.9),
(1143,125,'2024-03-01',49.9),
(1144,125,'2024-04-01',49.9),
(1145,125,'2024-05-01',49.9),
(1146,125,'2024-06-01',49.9),
(1147,125,'2024-07-01',49.9),
(1148,125,'2024-08-01',49.9),
(1149,125,'2024-09-01',49.9),
(1150,125,'2024-10-01',49.9),
(1151,125,'2024-11-01',49.9),
(1152,125,'2024-12-01',49.9),
(1153,126,'2024-01-01',29.9),
(1154,126,'2024-02-01',29.9),
(1155,126,'2024-03-01',29.9),
(1156,126,'2024-04-01',29.9),
(1157,126,'2024-05-01',29.9),
(1158,126,'2024-06-01',29.9),
(1159,126,'2024-07-01',29.9),
(1160,126,'2024-08-01',29.9),
(1161,126,'2024-09-01',29.9),
(1162,126,'2024-10-01',29.9),
(1163,126,'2024-11-01',29.9),
(1164,126,'2024-12-01',29.9),
(1165,127,'2024-01-01',49.9),
(1166,127,'2024-02-01',49.9),
(1167,127,'2024-03-01',49.9),
(1168,127,'2024-04-01',49.9),
(1169,127,'2024-05-01',49.9),
(1170,127,'2024-06-01',49.9),
(1171,127,'2024-07-01',49.9),
(1172,127,'2024-08-01',49.9),
(1173,127,'2024-09-01',49.9),
(1174,127,'2024-10-01',49.9),
(1175,127,'2024-11-01',49.9),
(1176,127,'2024-12-01',49.9),
(1177,128,'2024-01-01',29.9),
(1178,128,'2024-02-01',29.9),
(1179,128,'2024-03-01',29.9),
(1180,128,'2024-04-01',29.9),
(1181,128,'2024-05-01',29.9),
(1182,128,'2024-06-01',29.9),
(1183,128,'2024-07-01',29.9),
(1184,128,'2024-08-01',29.9),
(1185,128,'2024-09-01',29.9),
(1186,128,'2024-10-01',29.9),
(1187,128,'2024-11-01',29.9),
(1188,128,'2024-12-01',29.9),
(1189,129,'2024-01-01',29.9),
(1190,129,'2024-02-01',29.9),
(1191,129,'2024-03-01',29.9),
(1192,129,'2024-04-01',29.9),
(1193,129,'2024-05-01',29.9),
(1194,129,'2024-06-01',29.9),
(1195,129,'2024-07-01',29.9),
(1196,129,'2024-08-01',29.9),
(1197,129,'2024-09-01',29.9),
(1198,129,'2024-10-01',29.9),
(1199,129,'2024-11-01',29.9),
(1200,129,'2024-12-01',29.9);

INSERT INTO premium_payments (payment_id, policy_id, payment_date, amount_paid) VALUES
(1201,130,'2024-01-01',29.9),
(1202,130,'2024-02-01',29.9),
(1203,130,'2024-03-01',29.9),
(1204,130,'2024-04-01',29.9),
(1205,130,'2024-05-01',29.9),
(1206,130,'2024-06-01',29.9),
(1207,130,'2024-07-01',29.9),
(1208,130,'2024-08-01',29.9),
(1209,130,'2024-09-01',29.9),
(1210,130,'2024-10-01',29.9),
(1211,130,'2024-11-01',29.9),
(1212,130,'2024-12-01',29.9),
(1213,131,'2024-01-01',29.9),
(1214,131,'2024-02-01',29.9),
(1215,131,'2024-03-01',29.9),
(1216,131,'2024-04-01',29.9),
(1217,131,'2024-05-01',29.9),
(1218,132,'2024-01-01',29.9),
(1219,132,'2024-02-01',29.9),
(1220,132,'2024-03-01',29.9),
(1221,132,'2024-04-01',29.9),
(1222,132,'2024-05-01',29.9),
(1223,132,'2024-06-01',29.9),
(1224,132,'2024-07-01',29.9),
(1225,132,'2024-08-01',29.9),
(1226,132,'2024-09-01',29.9),
(1227,132,'2024-10-01',29.9),
(1228,132,'2024-11-01',29.9),
(1229,132,'2024-12-01',29.9),
(1230,133,'2024-01-01',89.9),
(1231,133,'2024-02-01',89.9),
(1232,133,'2024-03-01',89.9),
(1233,133,'2024-04-01',89.9),
(1234,133,'2024-05-01',89.9),
(1235,133,'2024-06-01',89.9),
(1236,133,'2024-07-01',89.9),
(1237,133,'2024-08-01',89.9),
(1238,133,'2024-09-01',89.9),
(1239,133,'2024-10-01',89.9),
(1240,133,'2024-11-01',89.9),
(1241,133,'2024-12-01',89.9),
(1242,134,'2024-01-01',29.9),
(1243,134,'2024-02-01',29.9),
(1244,134,'2024-03-01',29.9),
(1245,134,'2024-04-01',29.9),
(1246,134,'2024-05-01',29.9),
(1247,134,'2024-06-01',29.9),
(1248,134,'2024-07-01',29.9),
(1249,134,'2024-08-01',29.9),
(1250,134,'2024-09-01',29.9),
(1251,134,'2024-10-01',29.9),
(1252,134,'2024-11-01',29.9),
(1253,134,'2024-12-01',29.9),
(1254,136,'2024-01-01',89.9),
(1255,136,'2024-02-01',89.9),
(1256,136,'2024-03-01',89.9),
(1257,136,'2024-04-01',89.9),
(1258,136,'2024-05-01',89.9),
(1259,136,'2024-06-01',89.9),
(1260,136,'2024-07-01',89.9),
(1261,136,'2024-08-01',89.9),
(1262,136,'2024-09-01',89.9),
(1263,136,'2024-10-01',89.9),
(1264,136,'2024-11-01',89.9),
(1265,136,'2024-12-01',89.9),
(1266,137,'2024-01-01',49.9),
(1267,137,'2024-02-01',49.9),
(1268,137,'2024-03-01',49.9),
(1269,137,'2024-04-01',49.9),
(1270,137,'2024-05-01',49.9),
(1271,137,'2024-06-01',49.9),
(1272,137,'2024-07-01',49.9),
(1273,137,'2024-08-01',49.9),
(1274,137,'2024-09-01',49.9),
(1275,137,'2024-10-01',49.9),
(1276,137,'2024-11-01',49.9),
(1277,137,'2024-12-01',49.9),
(1278,138,'2024-01-01',29.9),
(1279,138,'2024-02-01',29.9),
(1280,138,'2024-03-01',29.9),
(1281,138,'2024-04-01',29.9),
(1282,138,'2024-05-01',29.9),
(1283,138,'2024-06-01',29.9),
(1284,138,'2024-07-01',29.9),
(1285,138,'2024-08-01',29.9),
(1286,138,'2024-09-01',29.9),
(1287,138,'2024-10-01',29.9),
(1288,138,'2024-11-01',29.9),
(1289,138,'2024-12-01',29.9),
(1290,139,'2024-01-01',49.9),
(1291,139,'2024-02-01',49.9),
(1292,139,'2024-03-01',49.9),
(1293,139,'2024-04-01',49.9),
(1294,139,'2024-05-01',49.9),
(1295,139,'2024-06-01',49.9),
(1296,139,'2024-07-01',49.9),
(1297,139,'2024-08-01',49.9),
(1298,139,'2024-09-01',49.9),
(1299,139,'2024-10-01',49.9),
(1300,139,'2024-11-01',49.9),
(1301,139,'2024-12-01',49.9),
(1302,140,'2024-01-01',89.9),
(1303,140,'2024-02-01',89.9),
(1304,140,'2024-03-01',89.9),
(1305,140,'2024-04-01',89.9),
(1306,140,'2024-05-01',89.9),
(1307,140,'2024-06-01',89.9),
(1308,140,'2024-07-01',89.9),
(1309,140,'2024-08-01',89.9),
(1310,140,'2024-09-01',89.9),
(1311,140,'2024-10-01',89.9),
(1312,140,'2024-11-01',89.9),
(1313,140,'2024-12-01',89.9),
(1314,141,'2024-01-01',89.9),
(1315,141,'2024-02-01',89.9),
(1316,141,'2024-03-01',89.9),
(1317,141,'2024-04-01',89.9),
(1318,141,'2024-05-01',89.9),
(1319,141,'2024-06-01',89.9),
(1320,141,'2024-07-01',89.9),
(1321,141,'2024-08-01',89.9),
(1322,141,'2024-09-01',89.9),
(1323,141,'2024-10-01',89.9),
(1324,141,'2024-11-01',89.9),
(1325,141,'2024-12-01',89.9),
(1326,142,'2024-01-01',49.9),
(1327,142,'2024-02-01',49.9),
(1328,142,'2024-03-01',49.9),
(1329,142,'2024-04-01',49.9),
(1330,142,'2024-05-01',49.9),
(1331,142,'2024-06-01',49.9),
(1332,142,'2024-07-01',49.9),
(1333,142,'2024-08-01',49.9),
(1334,142,'2024-09-01',49.9),
(1335,142,'2024-10-01',49.9),
(1336,142,'2024-11-01',49.9),
(1337,142,'2024-12-01',49.9),
(1338,143,'2024-01-01',89.9),
(1339,143,'2024-02-01',89.9),
(1340,143,'2024-03-01',89.9),
(1341,143,'2024-04-01',89.9),
(1342,143,'2024-05-01',89.9),
(1343,143,'2024-06-01',89.9),
(1344,143,'2024-07-01',89.9),
(1345,143,'2024-08-01',89.9),
(1346,143,'2024-09-01',89.9),
(1347,143,'2024-10-01',89.9),
(1348,143,'2024-11-01',89.9),
(1349,143,'2024-12-01',89.9),
(1350,144,'2024-01-01',29.9),
(1351,144,'2024-02-01',29.9),
(1352,144,'2024-03-01',29.9),
(1353,144,'2024-04-01',29.9),
(1354,144,'2024-05-01',29.9),
(1355,144,'2024-06-01',29.9),
(1356,144,'2024-07-01',29.9),
(1357,144,'2024-08-01',29.9),
(1358,144,'2024-09-01',29.9),
(1359,144,'2024-10-01',29.9),
(1360,144,'2024-11-01',29.9),
(1361,144,'2024-12-01',29.9),
(1362,145,'2024-01-01',49.9),
(1363,145,'2024-02-01',49.9),
(1364,145,'2024-03-01',49.9),
(1365,145,'2024-04-01',49.9),
(1366,145,'2024-05-01',49.9),
(1367,145,'2024-06-01',49.9),
(1368,145,'2024-07-01',49.9),
(1369,145,'2024-08-01',49.9),
(1370,145,'2024-09-01',49.9),
(1371,145,'2024-10-01',49.9),
(1372,145,'2024-11-01',49.9),
(1373,145,'2024-12-01',49.9),
(1374,146,'2024-01-01',89.9),
(1375,146,'2024-02-01',89.9),
(1376,146,'2024-03-01',89.9),
(1377,146,'2024-04-01',89.9),
(1378,146,'2024-05-01',89.9),
(1379,146,'2024-06-01',89.9),
(1380,146,'2024-07-01',89.9),
(1381,146,'2024-08-01',89.9),
(1382,146,'2024-09-01',89.9),
(1383,146,'2024-10-01',89.9),
(1384,146,'2024-11-01',89.9),
(1385,146,'2024-12-01',89.9),
(1386,147,'2024-01-01',49.9),
(1387,147,'2024-02-01',49.9),
(1388,147,'2024-03-01',49.9),
(1389,147,'2024-04-01',49.9),
(1390,147,'2024-05-01',49.9),
(1391,147,'2024-06-01',49.9),
(1392,147,'2024-07-01',49.9),
(1393,147,'2024-08-01',49.9),
(1394,147,'2024-09-01',49.9),
(1395,147,'2024-10-01',49.9),
(1396,147,'2024-11-01',49.9),
(1397,147,'2024-12-01',49.9),
(1398,148,'2024-01-01',29.9),
(1399,148,'2024-02-01',29.9),
(1400,148,'2024-03-01',29.9),
(1401,148,'2024-04-01',29.9),
(1402,148,'2024-05-01',29.9),
(1403,148,'2024-06-01',29.9),
(1404,148,'2024-07-01',29.9),
(1405,148,'2024-08-01',29.9),
(1406,148,'2024-09-01',29.9),
(1407,148,'2024-10-01',29.9),
(1408,148,'2024-11-01',29.9),
(1409,148,'2024-12-01',29.9),
(1410,149,'2024-01-01',29.9),
(1411,149,'2024-02-01',29.9),
(1412,149,'2024-03-01',29.9),
(1413,149,'2024-04-01',29.9),
(1414,149,'2024-05-01',29.9),
(1415,149,'2024-06-01',29.9),
(1416,149,'2024-07-01',29.9),
(1417,149,'2024-08-01',29.9),
(1418,149,'2024-09-01',29.9),
(1419,149,'2024-10-01',29.9),
(1420,149,'2024-11-01',29.9),
(1421,149,'2024-12-01',29.9),
(1422,150,'2024-01-01',49.9),
(1423,150,'2024-02-01',49.9),
(1424,150,'2024-03-01',49.9),
(1425,150,'2024-04-01',49.9),
(1426,150,'2024-05-01',49.9),
(1427,150,'2024-06-01',49.9),
(1428,150,'2024-07-01',49.9),
(1429,150,'2024-08-01',49.9),
(1430,150,'2024-09-01',49.9),
(1431,150,'2024-10-01',49.9),
(1432,150,'2024-11-01',49.9),
(1433,150,'2024-12-01',49.9),
(1434,151,'2024-01-01',49.9),
(1435,151,'2024-02-01',49.9),
(1436,151,'2024-03-01',49.9),
(1437,151,'2024-04-01',49.9),
(1438,151,'2024-05-01',49.9),
(1439,151,'2024-06-01',49.9),
(1440,151,'2024-07-01',49.9),
(1441,151,'2024-08-01',49.9),
(1442,151,'2024-09-01',49.9),
(1443,151,'2024-10-01',49.9),
(1444,151,'2024-11-01',49.9),
(1445,151,'2024-12-01',49.9),
(1446,153,'2024-01-01',29.9),
(1447,153,'2024-02-01',29.9),
(1448,153,'2024-03-01',29.9),
(1449,153,'2024-04-01',29.9),
(1450,153,'2024-05-01',29.9),
(1451,153,'2024-06-01',29.9),
(1452,153,'2024-07-01',29.9),
(1453,153,'2024-08-01',29.9),
(1454,153,'2024-09-01',29.9),
(1455,153,'2024-10-01',29.9),
(1456,153,'2024-11-01',29.9),
(1457,153,'2024-12-01',29.9),
(1458,155,'2024-01-01',49.9),
(1459,155,'2024-02-01',49.9),
(1460,155,'2024-03-01',49.9),
(1461,155,'2024-04-01',49.9),
(1462,155,'2024-05-01',49.9),
(1463,155,'2024-06-01',49.9),
(1464,155,'2024-07-01',49.9),
(1465,155,'2024-08-01',49.9),
(1466,155,'2024-09-01',49.9),
(1467,155,'2024-10-01',49.9),
(1468,155,'2024-11-01',49.9),
(1469,155,'2024-12-01',49.9),
(1470,156,'2024-01-01',29.9),
(1471,156,'2024-02-01',29.9),
(1472,156,'2024-03-01',29.9),
(1473,156,'2024-04-01',29.9),
(1474,156,'2024-05-01',29.9),
(1475,156,'2024-06-01',29.9),
(1476,156,'2024-07-01',29.9),
(1477,156,'2024-08-01',29.9),
(1478,156,'2024-09-01',29.9),
(1479,156,'2024-10-01',29.9),
(1480,156,'2024-11-01',29.9),
(1481,156,'2024-12-01',29.9),
(1482,157,'2024-01-01',49.9),
(1483,157,'2024-02-01',49.9),
(1484,157,'2024-03-01',49.9),
(1485,157,'2024-04-01',49.9),
(1486,157,'2024-05-01',49.9),
(1487,157,'2024-06-01',49.9),
(1488,157,'2024-07-01',49.9),
(1489,157,'2024-08-01',49.9),
(1490,157,'2024-09-01',49.9),
(1491,157,'2024-10-01',49.9),
(1492,157,'2024-11-01',49.9),
(1493,157,'2024-12-01',49.9),
(1494,158,'2024-01-01',49.9),
(1495,158,'2024-02-01',49.9),
(1496,158,'2024-03-01',49.9),
(1497,158,'2024-04-01',49.9),
(1498,158,'2024-05-01',49.9),
(1499,158,'2024-06-01',49.9),
(1500,158,'2024-07-01',49.9),
(1501,158,'2024-08-01',49.9),
(1502,158,'2024-09-01',49.9),
(1503,158,'2024-10-01',49.9),
(1504,158,'2024-11-01',49.9),
(1505,158,'2024-12-01',49.9),
(1506,159,'2024-01-01',49.9),
(1507,159,'2024-02-01',49.9),
(1508,159,'2024-03-01',49.9),
(1509,159,'2024-04-01',49.9),
(1510,159,'2024-05-01',49.9),
(1511,159,'2024-06-01',49.9),
(1512,159,'2024-07-01',49.9),
(1513,159,'2024-08-01',49.9),
(1514,159,'2024-09-01',49.9),
(1515,159,'2024-10-01',49.9),
(1516,159,'2024-11-01',49.9),
(1517,159,'2024-12-01',49.9),
(1518,160,'2024-01-01',49.9),
(1519,162,'2024-01-01',119.9),
(1520,162,'2024-02-01',119.9),
(1521,162,'2024-03-01',119.9),
(1522,162,'2024-04-01',119.9),
(1523,162,'2024-05-01',119.9),
(1524,162,'2024-06-01',119.9),
(1525,162,'2024-07-01',119.9),
(1526,162,'2024-08-01',119.9),
(1527,162,'2024-09-01',119.9),
(1528,162,'2024-10-01',119.9),
(1529,162,'2024-11-01',119.9),
(1530,162,'2024-12-01',119.9),
(1531,164,'2024-01-01',89.9),
(1532,164,'2024-02-01',89.9),
(1533,164,'2024-03-01',89.9),
(1534,164,'2024-04-01',89.9),
(1535,164,'2024-05-01',89.9),
(1536,164,'2024-06-01',89.9),
(1537,164,'2024-07-01',89.9),
(1538,164,'2024-08-01',89.9),
(1539,164,'2024-09-01',89.9),
(1540,164,'2024-10-01',89.9),
(1541,164,'2024-11-01',89.9),
(1542,164,'2024-12-01',89.9),
(1543,165,'2024-01-01',119.9),
(1544,165,'2024-02-01',119.9),
(1545,165,'2024-03-01',119.9),
(1546,165,'2024-04-01',119.9),
(1547,165,'2024-05-01',119.9),
(1548,165,'2024-06-01',119.9),
(1549,165,'2024-07-01',119.9),
(1550,165,'2024-08-01',119.9),
(1551,165,'2024-09-01',119.9),
(1552,165,'2024-10-01',119.9),
(1553,165,'2024-11-01',119.9),
(1554,165,'2024-12-01',119.9),
(1555,166,'2024-01-01',29.9),
(1556,166,'2024-02-01',29.9),
(1557,166,'2024-03-01',29.9),
(1558,167,'2024-01-01',49.9),
(1559,167,'2024-02-01',49.9),
(1560,167,'2024-03-01',49.9),
(1561,167,'2024-04-01',49.9),
(1562,167,'2024-05-01',49.9),
(1563,167,'2024-06-01',49.9),
(1564,167,'2024-07-01',49.9),
(1565,167,'2024-08-01',49.9),
(1566,167,'2024-09-01',49.9),
(1567,167,'2024-10-01',49.9),
(1568,167,'2024-11-01',49.9),
(1569,167,'2024-12-01',49.9),
(1570,168,'2024-01-01',89.9),
(1571,168,'2024-02-01',89.9),
(1572,168,'2024-03-01',89.9),
(1573,168,'2024-04-01',89.9),
(1574,168,'2024-05-01',89.9),
(1575,168,'2024-06-01',89.9),
(1576,168,'2024-07-01',89.9),
(1577,168,'2024-08-01',89.9),
(1578,168,'2024-09-01',89.9),
(1579,168,'2024-10-01',89.9),
(1580,168,'2024-11-01',89.9),
(1581,168,'2024-12-01',89.9),
(1582,169,'2024-01-01',49.9),
(1583,169,'2024-02-01',49.9),
(1584,169,'2024-03-01',49.9),
(1585,169,'2024-04-01',49.9),
(1586,169,'2024-05-01',49.9),
(1587,169,'2024-06-01',49.9),
(1588,169,'2024-07-01',49.9),
(1589,169,'2024-08-01',49.9),
(1590,169,'2024-09-01',49.9),
(1591,169,'2024-10-01',49.9),
(1592,169,'2024-11-01',49.9),
(1593,169,'2024-12-01',49.9),
(1594,170,'2024-01-01',49.9),
(1595,170,'2024-02-01',49.9),
(1596,170,'2024-03-01',49.9),
(1597,170,'2024-04-01',49.9),
(1598,170,'2024-05-01',49.9),
(1599,170,'2024-06-01',49.9),
(1600,170,'2024-07-01',49.9);

INSERT INTO premium_payments (payment_id, policy_id, payment_date, amount_paid) VALUES
(1601,170,'2024-08-01',49.9),
(1602,170,'2024-09-01',49.9),
(1603,170,'2024-10-01',49.9),
(1604,170,'2024-11-01',49.9),
(1605,170,'2024-12-01',49.9),
(1606,171,'2024-01-01',49.9),
(1607,171,'2024-02-01',49.9),
(1608,171,'2024-03-01',49.9),
(1609,171,'2024-04-01',49.9),
(1610,171,'2024-05-01',49.9),
(1611,171,'2024-06-01',49.9),
(1612,171,'2024-07-01',49.9),
(1613,171,'2024-08-01',49.9),
(1614,171,'2024-09-01',49.9),
(1615,171,'2024-10-01',49.9),
(1616,171,'2024-11-01',49.9),
(1617,171,'2024-12-01',49.9),
(1618,172,'2024-01-01',49.9),
(1619,172,'2024-02-01',49.9),
(1620,172,'2024-03-01',49.9),
(1621,172,'2024-04-01',49.9),
(1622,172,'2024-05-01',49.9),
(1623,172,'2024-06-01',49.9),
(1624,172,'2024-07-01',49.9),
(1625,172,'2024-08-01',49.9),
(1626,172,'2024-09-01',49.9),
(1627,172,'2024-10-01',49.9),
(1628,172,'2024-11-01',49.9),
(1629,172,'2024-12-01',49.9),
(1630,173,'2024-01-01',89.9),
(1631,173,'2024-02-01',89.9),
(1632,173,'2024-03-01',89.9),
(1633,173,'2024-04-01',89.9),
(1634,173,'2024-05-01',89.9),
(1635,173,'2024-06-01',89.9),
(1636,173,'2024-07-01',89.9),
(1637,173,'2024-08-01',89.9),
(1638,173,'2024-09-01',89.9),
(1639,173,'2024-10-01',89.9),
(1640,173,'2024-11-01',89.9),
(1641,173,'2024-12-01',89.9),
(1642,174,'2024-01-01',49.9),
(1643,174,'2024-02-01',49.9),
(1644,174,'2024-03-01',49.9),
(1645,174,'2024-04-01',49.9),
(1646,174,'2024-05-01',49.9),
(1647,174,'2024-06-01',49.9),
(1648,174,'2024-07-01',49.9),
(1649,174,'2024-08-01',49.9),
(1650,174,'2024-09-01',49.9),
(1651,174,'2024-10-01',49.9),
(1652,174,'2024-11-01',49.9),
(1653,174,'2024-12-01',49.9),
(1654,175,'2024-01-01',89.9),
(1655,175,'2024-02-01',89.9),
(1656,175,'2024-03-01',89.9),
(1657,175,'2024-04-01',89.9),
(1658,175,'2024-05-01',89.9),
(1659,175,'2024-06-01',89.9),
(1660,175,'2024-07-01',89.9),
(1661,175,'2024-08-01',89.9),
(1662,175,'2024-09-01',89.9),
(1663,175,'2024-10-01',89.9),
(1664,175,'2024-11-01',89.9),
(1665,175,'2024-12-01',89.9),
(1666,176,'2024-01-01',29.9),
(1667,176,'2024-02-01',29.9),
(1668,176,'2024-03-01',29.9),
(1669,176,'2024-04-01',29.9),
(1670,176,'2024-05-01',29.9),
(1671,176,'2024-06-01',29.9),
(1672,176,'2024-07-01',29.9),
(1673,176,'2024-08-01',29.9),
(1674,176,'2024-09-01',29.9),
(1675,176,'2024-10-01',29.9),
(1676,176,'2024-11-01',29.9),
(1677,176,'2024-12-01',29.9),
(1678,177,'2024-01-01',49.9),
(1679,177,'2024-02-01',49.9),
(1680,177,'2024-03-01',49.9),
(1681,177,'2024-04-01',49.9),
(1682,177,'2024-05-01',49.9),
(1683,177,'2024-06-01',49.9),
(1684,177,'2024-07-01',49.9),
(1685,177,'2024-08-01',49.9),
(1686,177,'2024-09-01',49.9),
(1687,177,'2024-10-01',49.9),
(1688,177,'2024-11-01',49.9),
(1689,177,'2024-12-01',49.9),
(1690,178,'2024-01-01',49.9),
(1691,178,'2024-02-01',49.9),
(1692,178,'2024-03-01',49.9),
(1693,178,'2024-04-01',49.9),
(1694,178,'2024-05-01',49.9),
(1695,178,'2024-06-01',49.9),
(1696,178,'2024-07-01',49.9),
(1697,178,'2024-08-01',49.9),
(1698,178,'2024-09-01',49.9),
(1699,178,'2024-10-01',49.9),
(1700,178,'2024-11-01',49.9),
(1701,178,'2024-12-01',49.9),
(1702,180,'2024-01-01',89.9),
(1703,180,'2024-02-01',89.9),
(1704,180,'2024-03-01',89.9),
(1705,180,'2024-04-01',89.9),
(1706,180,'2024-05-01',89.9),
(1707,180,'2024-06-01',89.9),
(1708,180,'2024-07-01',89.9),
(1709,180,'2024-08-01',89.9),
(1710,180,'2024-09-01',89.9),
(1711,180,'2024-10-01',89.9),
(1712,180,'2024-11-01',89.9),
(1713,180,'2024-12-01',89.9),
(1714,182,'2024-01-01',29.9),
(1715,182,'2024-02-01',29.9),
(1716,182,'2024-03-01',29.9),
(1717,182,'2024-04-01',29.9),
(1718,182,'2024-05-01',29.9),
(1719,182,'2024-06-01',29.9),
(1720,182,'2024-07-01',29.9),
(1721,182,'2024-08-01',29.9),
(1722,182,'2024-09-01',29.9),
(1723,182,'2024-10-01',29.9),
(1724,182,'2024-11-01',29.9),
(1725,182,'2024-12-01',29.9),
(1726,183,'2024-01-01',29.9),
(1727,183,'2024-02-01',29.9),
(1728,183,'2024-03-01',29.9),
(1729,183,'2024-04-01',29.9),
(1730,183,'2024-05-01',29.9),
(1731,183,'2024-06-01',29.9),
(1732,183,'2024-07-01',29.9),
(1733,183,'2024-08-01',29.9),
(1734,183,'2024-09-01',29.9),
(1735,183,'2024-10-01',29.9),
(1736,183,'2024-11-01',29.9),
(1737,183,'2024-12-01',29.9),
(1738,184,'2024-01-01',89.9),
(1739,184,'2024-02-01',89.9),
(1740,184,'2024-03-01',89.9),
(1741,184,'2024-04-01',89.9),
(1742,184,'2024-05-01',89.9),
(1743,184,'2024-06-01',89.9),
(1744,184,'2024-07-01',89.9),
(1745,184,'2024-08-01',89.9),
(1746,184,'2024-09-01',89.9),
(1747,184,'2024-10-01',89.9),
(1748,184,'2024-11-01',89.9),
(1749,184,'2024-12-01',89.9),
(1750,185,'2024-01-01',29.9),
(1751,185,'2024-02-01',29.9),
(1752,185,'2024-03-01',29.9),
(1753,185,'2024-04-01',29.9),
(1754,185,'2024-05-01',29.9),
(1755,185,'2024-06-01',29.9),
(1756,185,'2024-07-01',29.9),
(1757,185,'2024-08-01',29.9),
(1758,185,'2024-09-01',29.9),
(1759,185,'2024-10-01',29.9),
(1760,185,'2024-11-01',29.9),
(1761,185,'2024-12-01',29.9),
(1762,186,'2024-01-01',49.9),
(1763,186,'2024-02-01',49.9),
(1764,186,'2024-03-01',49.9),
(1765,186,'2024-04-01',49.9),
(1766,186,'2024-05-01',49.9),
(1767,186,'2024-06-01',49.9),
(1768,186,'2024-07-01',49.9),
(1769,186,'2024-08-01',49.9),
(1770,186,'2024-09-01',49.9),
(1771,186,'2024-10-01',49.9),
(1772,186,'2024-11-01',49.9),
(1773,186,'2024-12-01',49.9),
(1774,187,'2024-01-01',89.9),
(1775,187,'2024-02-01',89.9),
(1776,187,'2024-03-01',89.9),
(1777,187,'2024-04-01',89.9),
(1778,187,'2024-05-01',89.9),
(1779,187,'2024-06-01',89.9),
(1780,187,'2024-07-01',89.9),
(1781,187,'2024-08-01',89.9),
(1782,187,'2024-09-01',89.9),
(1783,187,'2024-10-01',89.9),
(1784,187,'2024-11-01',89.9),
(1785,187,'2024-12-01',89.9),
(1786,188,'2024-01-01',29.9),
(1787,188,'2024-02-01',29.9),
(1788,188,'2024-03-01',29.9),
(1789,188,'2024-04-01',29.9),
(1790,188,'2024-05-01',29.9),
(1791,188,'2024-06-01',29.9),
(1792,188,'2024-07-01',29.9),
(1793,188,'2024-08-01',29.9),
(1794,188,'2024-09-01',29.9),
(1795,188,'2024-10-01',29.9),
(1796,188,'2024-11-01',29.9),
(1797,188,'2024-12-01',29.9),
(1798,189,'2024-01-01',89.9),
(1799,189,'2024-02-01',89.9),
(1800,189,'2024-03-01',89.9),
(1801,189,'2024-04-01',89.9),
(1802,189,'2024-05-01',89.9),
(1803,189,'2024-06-01',89.9),
(1804,189,'2024-07-01',89.9),
(1805,189,'2024-08-01',89.9),
(1806,189,'2024-09-01',89.9),
(1807,189,'2024-10-01',89.9),
(1808,189,'2024-11-01',89.9),
(1809,189,'2024-12-01',89.9),
(1810,190,'2024-01-01',29.9),
(1811,190,'2024-02-01',29.9),
(1812,190,'2024-03-01',29.9),
(1813,190,'2024-04-01',29.9),
(1814,190,'2024-05-01',29.9),
(1815,190,'2024-06-01',29.9),
(1816,190,'2024-07-01',29.9),
(1817,190,'2024-08-01',29.9),
(1818,190,'2024-09-01',29.9),
(1819,190,'2024-10-01',29.9),
(1820,190,'2024-11-01',29.9),
(1821,190,'2024-12-01',29.9),
(1822,191,'2024-01-01',49.9),
(1823,191,'2024-02-01',49.9),
(1824,191,'2024-03-01',49.9),
(1825,191,'2024-04-01',49.9),
(1826,191,'2024-05-01',49.9),
(1827,191,'2024-06-01',49.9),
(1828,191,'2024-07-01',49.9),
(1829,191,'2024-08-01',49.9),
(1830,191,'2024-09-01',49.9),
(1831,191,'2024-10-01',49.9),
(1832,191,'2024-11-01',49.9),
(1833,191,'2024-12-01',49.9),
(1834,192,'2024-01-01',29.9),
(1835,192,'2024-02-01',29.9),
(1836,192,'2024-03-01',29.9),
(1837,192,'2024-04-01',29.9),
(1838,192,'2024-05-01',29.9),
(1839,192,'2024-06-01',29.9),
(1840,192,'2024-07-01',29.9),
(1841,192,'2024-08-01',29.9),
(1842,192,'2024-09-01',29.9),
(1843,192,'2024-10-01',29.9),
(1844,192,'2024-11-01',29.9),
(1845,192,'2024-12-01',29.9),
(1846,193,'2024-01-01',49.9),
(1847,193,'2024-02-01',49.9),
(1848,193,'2024-03-01',49.9),
(1849,193,'2024-04-01',49.9),
(1850,193,'2024-05-01',49.9),
(1851,194,'2024-01-01',119.9),
(1852,194,'2024-02-01',119.9),
(1853,194,'2024-03-01',119.9),
(1854,194,'2024-04-01',119.9),
(1855,194,'2024-05-01',119.9),
(1856,194,'2024-06-01',119.9),
(1857,194,'2024-07-01',119.9),
(1858,194,'2024-08-01',119.9),
(1859,194,'2024-09-01',119.9),
(1860,194,'2024-10-01',119.9),
(1861,194,'2024-11-01',119.9),
(1862,194,'2024-12-01',119.9),
(1863,195,'2024-01-01',49.9),
(1864,195,'2024-02-01',49.9),
(1865,195,'2024-03-01',49.9),
(1866,195,'2024-04-01',49.9),
(1867,195,'2024-05-01',49.9),
(1868,195,'2024-06-01',49.9),
(1869,195,'2024-07-01',49.9),
(1870,195,'2024-08-01',49.9),
(1871,195,'2024-09-01',49.9),
(1872,195,'2024-10-01',49.9),
(1873,195,'2024-11-01',49.9),
(1874,195,'2024-12-01',49.9),
(1875,196,'2024-01-01',89.9),
(1876,196,'2024-02-01',89.9),
(1877,196,'2024-03-01',89.9),
(1878,196,'2024-04-01',89.9),
(1879,196,'2024-05-01',89.9),
(1880,196,'2024-06-01',89.9),
(1881,196,'2024-07-01',89.9),
(1882,196,'2024-08-01',89.9),
(1883,196,'2024-09-01',89.9),
(1884,196,'2024-10-01',89.9),
(1885,196,'2024-11-01',89.9),
(1886,196,'2024-12-01',89.9),
(1887,197,'2024-01-01',49.9),
(1888,197,'2024-02-01',49.9),
(1889,197,'2024-03-01',49.9),
(1890,197,'2024-04-01',49.9),
(1891,197,'2024-05-01',49.9),
(1892,197,'2024-06-01',49.9),
(1893,197,'2024-07-01',49.9),
(1894,197,'2024-08-01',49.9),
(1895,197,'2024-09-01',49.9),
(1896,197,'2024-10-01',49.9),
(1897,197,'2024-11-01',49.9),
(1898,197,'2024-12-01',49.9),
(1899,198,'2024-01-01',29.9),
(1900,198,'2024-02-01',29.9),
(1901,198,'2024-03-01',29.9),
(1902,198,'2024-04-01',29.9),
(1903,198,'2024-05-01',29.9),
(1904,198,'2024-06-01',29.9),
(1905,198,'2024-07-01',29.9),
(1906,198,'2024-08-01',29.9),
(1907,198,'2024-09-01',29.9),
(1908,198,'2024-10-01',29.9),
(1909,198,'2024-11-01',29.9),
(1910,198,'2024-12-01',29.9),
(1911,199,'2024-01-01',49.9),
(1912,199,'2024-02-01',49.9),
(1913,199,'2024-03-01',49.9),
(1914,199,'2024-04-01',49.9),
(1915,199,'2024-05-01',49.9);
